,especievalida,gridid,longitud,latitud,cuarentena,isoutlier,ms_cluster,tscore,clasevalida,ordenvalido,familiavalida,altitudmapa,ambiente,aniocolecta,probablelocnodecampo,version,urlejemplar,idejemplar,sospechoso,NoDisponible,DistPotencial,Buffer (Km),EstadoDoc,ValidoAmbiente,BufferAmbiente,MapaUSV,DistHistorica
1,Ursus americanus,175522,-99.1720833,23.0477944,,True,1,-98.93,Mammalia,Carnivora,Ursidae,682,Terrestre,9999,,2017-12,http://www.snib.mx/snibgeoportal/Ejemplar.php?id=019ba229a56b9b0b7b5d1f1a585adc07,019ba229a56b9b0b7b5d1f1a585adc07,Si,NoDisponible,No,No,Si,,,,
12,Ursus americanus,170712,-99.9125,23.9558333,,False,4,28,Mammalia,Carnivora,Ursidae,2233,Terrestre,9999,,2017-12,http://www.snib.mx/snibgeoportal/Ejemplar.php?id=06946c92d44fb8165fad2b24e8762b9c,06946c92d44fb8165fad2b24e8762b9c,No,NoDisponible,,,,,,,
134,Ursus americanus,147238,-102.5866166,28.8498916,,False,3,15.93,Mammalia,Carnivora,Ursidae,1327,Terrestre,2016,,2017-12,http://www.snib.mx/snibgeoportal/Ejemplar.php?id=0c4815a4d6b38ef12da50c0bf6c90435,0c4815a4d6b38ef12da50c0bf6c90435,No,NoDisponible,,,,,,,
153,Ursus americanus,105811,-107.9488889,30.3786111,,False,3,7.3,Mammalia,Carnivora,Ursidae,1471,Terrestre,9999,,2017-12,http://www.snib.mx/snibgeoportal/Ejemplar.php?id=0fc9af1348a1f8c5d086736a2515a0da,0fc9af1348a1f8c5d086736a2515a0da,No,NoDisponible,,,,,,,
13,Ursus americanus,170712,-99.9125,23.9558333,,False,4,28,Mammalia,Carnivora,Ursidae,2233,Terrestre,9999,,2017-12,http://www.snib.mx/snibgeoportal/Ejemplar.php?id=10e9184a9c1b59cf1059ca6eb151ba93,10e9184a9c1b59cf1059ca6eb151ba93,No,NoDisponible,,,,,,,
162,Ursus americanus,170763,-99.77,24.01,,False,4,38.09,Mammalia,Carnivora,Ursidae,1764,Terrestre,9999,,2017-12,http://www.snib.mx/snibgeoportal/Ejemplar.php?id=110ab7b4c5d674064339b4884492a88a,110ab7b4c5d674064339b4884492a88a,No,NoDisponible,,,,,,,
122,Ursus americanus,151921,-101.9788738,27.8742869,,False,3,19.44,Mammalia,Carnivora,Ursidae,1418,Terrestre,2004,,2017-12,http://www.snib.mx/snibgeoportal/Ejemplar.php?id=11147b8a6bcaecf8abd12e89d8a07ec0,11147b8a6bcaecf8abd12e89d8a07ec0,No,NoDisponible,,,,,,,
126,Ursus americanus,151990,-102.0150713,28.5714724,,False,3,6.28,Mammalia,Carnivora,Ursidae,811,Terrestre,2015,,2017-12,http://www.snib.mx/snibgeoportal/Ejemplar.php?id=13ddb7ff6e8ea06ce27e40656410c349,13ddb7ff6e8ea06ce27e40656410c349,No,NoDisponible,,,,,,,
14,Ursus americanus,170712,-99.9125,23.9558333,,False,4,28,Mammalia,Carnivora,Ursidae,2233,Terrestre,9999,,2017-12,http://www.snib.mx/snibgeoportal/Ejemplar.php?id=1498e7761a8c81e56fbe1624768c8130,1498e7761a8c81e56fbe1624768c8130,No,NoDisponible,,,,,,,
160,Ursus americanus,118861,-106.1691667,26.7777778,,False,3,7.83,Mammalia,Carnivora,Ursidae,1963,Terrestre,9999,,2017-12,http://www.snib.mx/snibgeoportal/Ejemplar.php?id=17e9586ec62a095dbec98cd434a0728a,17e9586ec62a095dbec98cd434a0728a,No,NoDisponible,,,,,,,
55,Ursus americanus,114641,-106.8990531,29.3920969,,False,3,10.92,Mammalia,Carnivora,Ursidae,2023,Terrestre,1961,,2017-12,http://www.snib.mx/snibgeoportal/Ejemplar.php?id=18454d45fb403a9a7327824be465f780,18454d45fb403a9a7327824be465f780,No,NoDisponible,,,,,,,
100,Ursus americanus,161168,-100.9465249,25.2506166,,False,4,34.81,Mammalia,Carnivora,Ursidae,2292,Terrestre,2017,,2017-12,http://www.snib.mx/snibgeoportal/Ejemplar.php?id=18e9cfcc9815ef909f0a0859450fdeac,18e9cfcc9815ef909f0a0859450fdeac,No,NoDisponible,,,,,,,
15,Ursus americanus,170712,-99.9125,23.9558333,,False,4,28,Mammalia,Carnivora,Ursidae,2233,Terrestre,9999,,2017-12,http://www.snib.mx/snibgeoportal/Ejemplar.php?id=1bddbc416c3cfb25977d23de339412f6,1bddbc416c3cfb25977d23de339412f6,No,NoDisponible,,,,,,,
59,Ursus americanus,101362,-108.33639,29.97361,,False,3,6.22,Mammalia,Carnivora,Ursidae,2156,Terrestre,9999,,2017-12,http://www.snib.mx/snibgeoportal/Ejemplar.php?id=1dff3a29446a02420ae2267f17d8f9f1,1dff3a29446a02420ae2267f17d8f9f1,No,NoDisponible,,,,,,,
165,Ursus americanus,152047,-101.8252778,28.7936111,,False,3,10.61,Mammalia,Carnivora,Ursidae,953,Terrestre,1986,,2017-12,http://www.snib.mx/snibgeoportal/Ejemplar.php?id=20b78467facfbf4180276ac7894c2295,20b78467facfbf4180276ac7894c2295,No,NoDisponible,,,,,,,
161,Ursus americanus,118861,-106.1691667,26.7777778,,False,3,7.83,Mammalia,Carnivora,Ursidae,1963,Terrestre,9999,,2017-12,http://www.snib.mx/snibgeoportal/Ejemplar.php?id=21db7e43c0105776f0c08d1f6efe425f,21db7e43c0105776f0c08d1f6efe425f,No,NoDisponible,,,,,,,
149,Ursus americanus,114736,-106.3872222,29.8233333,,False,3,3.83,Mammalia,Carnivora,Ursidae,1610,Terrestre,9999,,2017-12,http://www.snib.mx/snibgeoportal/Ejemplar.php?id=2376b69dd76b3ea125315c6ec6d90673,2376b69dd76b3ea125315c6ec6d90673,Si,NoDisponible,No,No,Si,,,,
86,Ursus americanus,161179,-100.9246158,25.3271727,,False,4,35.46,Mammalia,Carnivora,Ursidae,2368,Terrestre,2011,,2017-12,http://www.snib.mx/snibgeoportal/Ejemplar.php?id=24ecf4ae908a53d73b61db6e83605a2c,24ecf4ae908a53d73b61db6e83605a2c,No,NoDisponible,,,,,,,
71,Ursus americanus,166073,-100.1333333,25.332,,False,3,2.65,Mammalia,Carnivora,Ursidae,1265,Terrestre,2008,,2017-12,http://www.snib.mx/snibgeoportal/Ejemplar.php?id=272837885507ec9e5aea40666d9a685d,272837885507ec9e5aea40666d9a685d,No,NoDisponible,,,,,,,
113,Ursus americanus,147174,-102.556755,28.364305,,False,4,25.22,Mammalia,Carnivora,Ursidae,1995,Terrestre,2016,,2017-12,http://www.snib.mx/snibgeoportal/Ejemplar.php?id=27ca1d3eb445da98c88752be35fb6034,27ca1d3eb445da98c88752be35fb6034,No,NoDisponible,,,,,,,
16,Ursus americanus,170712,-99.9125,23.9558333,,False,4,28,Mammalia,Carnivora,Ursidae,2233,Terrestre,9999,,2017-12,http://www.snib.mx/snibgeoportal/Ejemplar.php?id=29a18fdaa1da7be1369e8af6c79d34ed,29a18fdaa1da7be1369e8af6c79d34ed,No,NoDisponible,,,,,,,
135,Ursus americanus,156389,-101.4718416,25.1994216,,False,4,40.79,Mammalia,Carnivora,Ursidae,2312,Terrestre,2015,,2017-12,http://www.snib.mx/snibgeoportal/Ejemplar.php?id=2b7c7ad70eb538fa444564bc3d5de403,2b7c7ad70eb538fa444564bc3d5de403,No,NoDisponible,,,,,,,
79,Ursus americanus,166091,-100.3547691,25.608998,,False,4,33.9,Mammalia,Carnivora,Ursidae,1281,Terrestre,2013,,2017-12,http://www.snib.mx/snibgeoportal/Ejemplar.php?id=2ce49b524804c1b192d2b60848982ced,2ce49b524804c1b192d2b60848982ced,No,NoDisponible,,,,,,,
159,Ursus americanus,170719,-99.7958333,23.9047222,,False,4,39.1,Mammalia,Carnivora,Ursidae,2700,Terrestre,9999,,2017-12,http://www.snib.mx/snibgeoportal/Ejemplar.php?id=2d0673990e71487fdf8d00f4a3706b1e,2d0673990e71487fdf8d00f4a3706b1e,No,NoDisponible,,,,,,,
2,Ursus americanus,175522,-99.14,23.0316667,,True,1,-98.93,Mammalia,Carnivora,Ursidae,345,Terrestre,9999,,2017-12,http://www.snib.mx/snibgeoportal/Ejemplar.php?id=2e48f24f837c03bc1eb790a1995668c7,2e48f24f837c03bc1eb790a1995668c7,Si,NoDisponible,No,No,Si,,,,
17,Ursus americanus,170712,-99.9125,23.9558333,,False,4,28,Mammalia,Carnivora,Ursidae,2233,Terrestre,9999,,2017-12,http://www.snib.mx/snibgeoportal/Ejemplar.php?id=2e511ce84c40a86391b82890d70a4829,2e511ce84c40a86391b82890d70a4829,No,NoDisponible,,,,,,,
73,Ursus americanus,161190,-100.8874899,25.2803899,,False,4,34.84,Mammalia,Carnivora,Ursidae,2519,Terrestre,2016,,2017-12,http://www.snib.mx/snibgeoportal/Ejemplar.php?id=2e8db186f9a38f5320553548cb0d89bb,2e8db186f9a38f5320553548cb0d89bb,No,NoDisponible,,,,,,,
127,Ursus americanus,170817,-99.9816102,24.5390499,,False,4,35.66,Mammalia,Carnivora,Ursidae,2717,Terrestre,2008,,2017-12,http://www.snib.mx/snibgeoportal/Ejemplar.php?id=2fe3d66c3f19b92435a9be769d95c00b,2fe3d66c3f19b92435a9be769d95c00b,Si,NoDisponible,No,Si,Si,,,,
97,Ursus americanus,171013,-100.0025366,26.219673,,False,3,16.42,Mammalia,Carnivora,Ursidae,1041,Terrestre,2008,,2017-12,http://www.snib.mx/snibgeoportal/Ejemplar.php?id=321e06514e7985661b7f6280da386d0c,321e06514e7985661b7f6280da386d0c,No,NoDisponible,,,,,,,
156,Ursus americanus,137107,-103.9825,23.7297222,,False,3,6.76,Mammalia,Carnivora,Ursidae,1926,Terrestre,9999,,2017-12,http://www.snib.mx/snibgeoportal/Ejemplar.php?id=32bca6ab2a781aa4553a887aeb2bf276,32bca6ab2a781aa4553a887aeb2bf276,No,NoDisponible,,,,,,,
18,Ursus americanus,170712,-99.9125,23.9558333,,False,4,28,Mammalia,Carnivora,Ursidae,2233,Terrestre,9999,,2017-12,http://www.snib.mx/snibgeoportal/Ejemplar.php?id=3752a6d043018e8360dcafbabfdecb51,3752a6d043018e8360dcafbabfdecb51,No,NoDisponible,,,,,,,
19,Ursus americanus,170712,-99.9125,23.9558333,,False,4,28,Mammalia,Carnivora,Ursidae,2233,Terrestre,9999,,2017-12,http://www.snib.mx/snibgeoportal/Ejemplar.php?id=38faa698a405c48832413b6136c868c6,38faa698a405c48832413b6136c868c6,No,NoDisponible,,,,,,,
103,Ursus americanus,166070,-100.2725169,25.5390724,,False,4,40.18,Mammalia,Carnivora,Ursidae,795,Terrestre,2015,,2017-12,http://www.snib.mx/snibgeoportal/Ejemplar.php?id=3916edf90c8526bd3ad4e6eaf7a01947,3916edf90c8526bd3ad4e6eaf7a01947,No,NoDisponible,,,,,,,
20,Ursus americanus,170712,-99.9125,23.9558333,,False,4,28,Mammalia,Carnivora,Ursidae,2233,Terrestre,9999,,2017-12,http://www.snib.mx/snibgeoportal/Ejemplar.php?id=3b939d15766e86626f3d510e5ae85925,3b939d15766e86626f3d510e5ae85925,No,NoDisponible,,,,,,,
116,Ursus americanus,151834,-102.167513,27.4609927,,False,3,9.83,Mammalia,Carnivora,Ursidae,1201,Terrestre,2012,,2017-12,http://www.snib.mx/snibgeoportal/Ejemplar.php?id=3ea34429685f2f45d4497cb6804b27e3,3ea34429685f2f45d4497cb6804b27e3,No,NoDisponible,,,,,,,
110,Ursus americanus,171017,-99.8839186,26.0780174,,False,3,17.93,Mammalia,Carnivora,Ursidae,890,Terrestre,2012,,2017-12,http://www.snib.mx/snibgeoportal/Ejemplar.php?id=40277e4fe6a29a0ab78f8d7d14b5c975,40277e4fe6a29a0ab78f8d7d14b5c975,No,NoDisponible,,,,,,,
77,Ursus americanus,166091,-100.3451566,25.5997269,,False,4,33.9,Mammalia,Carnivora,Ursidae,1351,Terrestre,2010,,2017-12,http://www.snib.mx/snibgeoportal/Ejemplar.php?id=434a04fe5af6ab71096f1866319697f7,434a04fe5af6ab71096f1866319697f7,No,NoDisponible,,,,,,,
21,Ursus americanus,170712,-99.9125,23.9558333,,False,4,28,Mammalia,Carnivora,Ursidae,2233,Terrestre,9999,,2017-12,http://www.snib.mx/snibgeoportal/Ejemplar.php?id=443c16e9d6a05382522a1163ef1b60ca,443c16e9d6a05382522a1163ef1b60ca,No,NoDisponible,,,,,,,
78,Ursus americanus,166091,-100.3625749,25.6144213,,False,4,33.9,Mammalia,Carnivora,Ursidae,1077,Terrestre,2012,,2017-12,http://www.snib.mx/snibgeoportal/Ejemplar.php?id=4ad2e2e7359c9b6f675d00ff22512712,4ad2e2e7359c9b6f675d00ff22512712,No,NoDisponible,,,,,,,
87,Ursus americanus,161179,-100.9246158,25.3271727,,False,4,35.46,Mammalia,Carnivora,Ursidae,2368,Terrestre,2011,,2017-12,http://www.snib.mx/snibgeoportal/Ejemplar.php?id=4b1b48b0eb6bb1a3606231f7986cb82c,4b1b48b0eb6bb1a3606231f7986cb82c,No,NoDisponible,,,,,,,
84,Ursus americanus,161179,-100.9699149,25.3110966,,False,4,35.46,Mammalia,Carnivora,Ursidae,2598,Terrestre,2017,,2017-12,http://www.snib.mx/snibgeoportal/Ejemplar.php?id=4b50c2409328ae854e24fc5ca9504f22,4b50c2409328ae854e24fc5ca9504f22,No,NoDisponible,,,,,,,
129,Ursus americanus,101404,-108.3735544,30.4603183,,False,4,31.16,Mammalia,Carnivora,Ursidae,2465,Terrestre,2016,,2017-12,http://www.snib.mx/snibgeoportal/Ejemplar.php?id=4bbf6fd8126b4979304050ac612062b0,4bbf6fd8126b4979304050ac612062b0,No,NoDisponible,,,,,,,
94,Ursus americanus,166113,-100.2587308,25.5633008,,False,4,31.43,Mammalia,Carnivora,Ursidae,646,Terrestre,2012,,2017-12,http://www.snib.mx/snibgeoportal/Ejemplar.php?id=4be1e5ced9917912d510bbbeec91790b,4be1e5ced9917912d510bbbeec91790b,No,NoDisponible,,,,,,,
143,Ursus americanus,175503,-99.2033333,23.075,,True,2,-50.5,Mammalia,Carnivora,Ursidae,1161,Terrestre,9999,SI,2017-12,http://www.snib.mx/snibgeoportal/Ejemplar.php?id=4c23d4741887b8ab99fe3ccef8075e75,4c23d4741887b8ab99fe3ccef8075e75,Si,NoDisponible,No,No,Si,,,,
22,Ursus americanus,170712,-99.9125,23.9558333,,False,4,28,Mammalia,Carnivora,Ursidae,2233,Terrestre,9999,,2017-12,http://www.snib.mx/snibgeoportal/Ejemplar.php?id=4d0395f1758847b025716d76c60e8d03,4d0395f1758847b025716d76c60e8d03,No,NoDisponible,,,,,,,
91,Ursus americanus,161179,-100.9234999,25.3254658,,False,4,35.46,Mammalia,Carnivora,Ursidae,2357,Terrestre,2015,,2017-12,http://www.snib.mx/snibgeoportal/Ejemplar.php?id=4d79514a25cffc3e5cc7c3101f79e2ed,4d79514a25cffc3e5cc7c3101f79e2ed,No,NoDisponible,,,,,,,
150,Ursus americanus,166011,-100.0769444,24.8238889,,False,4,36.71,Mammalia,Carnivora,Ursidae,1643,Terrestre,9999,,2017-12,http://www.snib.mx/snibgeoportal/Ejemplar.php?id=4f06173f3dbfacada5b2f08003ee5ec5,4f06173f3dbfacada5b2f08003ee5ec5,No,NoDisponible,,,,,,,
148,Ursus americanus,161201,-100.8875,25.3138889,,False,4,34.01,Mammalia,Carnivora,Ursidae,2268,Terrestre,9999,,2017-12,http://www.snib.mx/snibgeoportal/Ejemplar.php?id=52aa116a427be8009d0554c5eab3c8e9,52aa116a427be8009d0554c5eab3c8e9,No,NoDisponible,,,,,,,
23,Ursus americanus,170712,-99.9125,23.9558333,,False,4,28,Mammalia,Carnivora,Ursidae,2233,Terrestre,9999,,2017-12,http://www.snib.mx/snibgeoportal/Ejemplar.php?id=54218b13b12746d687c10c597a7a9dbd,54218b13b12746d687c10c597a7a9dbd,No,NoDisponible,,,,,,,
145,Ursus americanus,123420,-105.5166667,26.45,,False,3,5.19,Mammalia,Carnivora,Ursidae,1742,Terrestre,9999,,2017-12,http://www.snib.mx/snibgeoportal/Ejemplar.php?id=54464fbdbd2f94d1b092150315843c75,54464fbdbd2f94d1b092150315843c75,No,NoDisponible,,,,,,,
130,Ursus americanus,147253,-102.6048372,29.0519677,,False,4,43.67,Mammalia,Carnivora,Ursidae,2252,Terrestre,2017,,2017-12,http://www.snib.mx/snibgeoportal/Ejemplar.php?id=5677a4877b1e76ff5d900cb914b55cfa,5677a4877b1e76ff5d900cb914b55cfa,No,NoDisponible,,,,,,,
133,Ursus americanus,170819,-99.91573,24.5309158,,False,4,49.08,Mammalia,Carnivora,Ursidae,1711,Terrestre,2008,,2017-12,http://www.snib.mx/snibgeoportal/Ejemplar.php?id=5689623f94474a0e9abb0fde21645d76,5689623f94474a0e9abb0fde21645d76,No,NoDisponible,,,,,,,
166,Ursus americanus,152047,-101.8252778,28.7936111,,False,3,10.61,Mammalia,Carnivora,Ursidae,953,Terrestre,1986,,2017-12,http://www.snib.mx/snibgeoportal/Ejemplar.php?id=575770fb7a406d6dcc1ec494d70cd721,575770fb7a406d6dcc1ec494d70cd721,No,NoDisponible,,,,,,,
24,Ursus americanus,170712,-99.9125,23.9558333,,False,4,28,Mammalia,Carnivora,Ursidae,2233,Terrestre,9999,,2017-12,http://www.snib.mx/snibgeoportal/Ejemplar.php?id=576793bf05cbb7d264623452afe22138,576793bf05cbb7d264623452afe22138,No,NoDisponible,,,,,,,
25,Ursus americanus,170712,-99.9125,23.9558333,,False,4,28,Mammalia,Carnivora,Ursidae,2233,Terrestre,9999,,2017-12,http://www.snib.mx/snibgeoportal/Ejemplar.php?id=57f6b0e5e0bf714b425be1f685cae236,57f6b0e5e0bf714b425be1f685cae236,No,NoDisponible,,,,,,,
141,Ursus americanus,175500,-99.2291667,23.0452778,,True,2,-54.87,Mammalia,Carnivora,Ursidae,1326,Terrestre,9999,,2017-12,http://www.snib.mx/snibgeoportal/Ejemplar.php?id=58703e211a92616b1f23b00e0e37772a,58703e211a92616b1f23b00e0e37772a,Si,NoDisponible,No,No,Si,,,,
56,Ursus americanus,147250,-102.5519827,28.9779644,,False,4,37.65,Mammalia,Carnivora,Ursidae,1916,Terrestre,1952,,2017-12,http://www.snib.mx/snibgeoportal/Ejemplar.php?id=5881f235ba4e7c9675fa0092c0e7b0d2,5881f235ba4e7c9675fa0092c0e7b0d2,No,NoDisponible,,,,,,,
108,Ursus americanus,166070,-100.2703652,25.5496272,,False,4,40.18,Mammalia,Carnivora,Ursidae,707,Terrestre,2015,,2017-12,http://www.snib.mx/snibgeoportal/Ejemplar.php?id=59993f705aca64d8059d4d73b07994a8,59993f705aca64d8059d4d73b07994a8,No,NoDisponible,,,,,,,
10,Ursus americanus,128203,-104.925,27.125,,False,3,0.52,Mammalia,Carnivora,Ursidae,1383,Terrestre,9999,,2017-12,http://www.snib.mx/snibgeoportal/Ejemplar.php?id=5a55d9b4ce014b2ceae750bb089bfb4e,5a55d9b4ce014b2ceae750bb089bfb4e,Si,NoDisponible,No,No,Si,,,,
60,Ursus americanus,101362,-108.33639,29.97361,,False,3,6.22,Mammalia,Carnivora,Ursidae,2156,Terrestre,9999,,2017-12,http://www.snib.mx/snibgeoportal/Ejemplar.php?id=5b92b44d877c89f50ae09d188392a2e8,5b92b44d877c89f50ae09d188392a2e8,No,NoDisponible,,,,,,,
106,Ursus americanus,166070,-100.2703874,25.5498555,,False,4,40.18,Mammalia,Carnivora,Ursidae,707,Terrestre,2016,,2017-12,http://www.snib.mx/snibgeoportal/Ejemplar.php?id=5eb4acc6938f08737d181d1f713b81e0,5eb4acc6938f08737d181d1f713b81e0,No,NoDisponible,,,,,,,
5,Ursus americanus,101397,-108.6208333,30.5494444,,False,4,29.4,Mammalia,Carnivora,Ursidae,2610,Terrestre,2004,,2017-12,http://www.snib.mx/snibgeoportal/Ejemplar.php?id=5f298a67f5c55b89238724ab47999b59,5f298a67f5c55b89238724ab47999b59,No,NoDisponible,,,,,,,
152,Ursus americanus,166037,-100.6077778,25.4616667,,False,4,30.36,Mammalia,Carnivora,Ursidae,2297,Terrestre,9999,,2017-12,http://www.snib.mx/snibgeoportal/Ejemplar.php?id=617a36e553dfc07a929defd90af2eba6,617a36e553dfc07a929defd90af2eba6,No,NoDisponible,,,,,,,
57,Ursus americanus,147250,-102.5519827,28.9779644,,False,4,37.65,Mammalia,Carnivora,Ursidae,1916,Terrestre,1952,,2017-12,http://www.snib.mx/snibgeoportal/Ejemplar.php?id=6465b81381f5c8fd86eb3512ebccf973,6465b81381f5c8fd86eb3512ebccf973,No,NoDisponible,,,,,,,
53,Ursus americanus,114677,-106.644236,29.5666538,,False,3,20.22,Mammalia,Carnivora,Ursidae,1759,Terrestre,1957,,2017-12,http://www.snib.mx/snibgeoportal/Ejemplar.php?id=670f6544776f55facc6acb603c0439e6,670f6544776f55facc6acb603c0439e6,Si,NoDisponible,No,No,Si,,,,
26,Ursus americanus,170712,-99.9125,23.9558333,,False,4,28,Mammalia,Carnivora,Ursidae,2233,Terrestre,9999,,2017-12,http://www.snib.mx/snibgeoportal/Ejemplar.php?id=67b95958cbb2026d4352bf92f7036193,67b95958cbb2026d4352bf92f7036193,No,NoDisponible,,,,,,,
118,Ursus americanus,170713,-99.8602266,23.7873755,,False,4,42.58,Mammalia,Carnivora,Ursidae,3287,Terrestre,2017,,2017-12,http://www.snib.mx/snibgeoportal/Ejemplar.php?id=6adfb12c635df271eacd46f196e412e6,6adfb12c635df271eacd46f196e412e6,Si,NoDisponible,No,Si,Si,,,,
115,Ursus americanus,166100,-100.5256749,25.9209958,,False,4,30.19,Mammalia,Carnivora,Ursidae,944,Terrestre,2012,,2017-12,http://www.snib.mx/snibgeoportal/Ejemplar.php?id=6c29a794008a8d83e024baf7cc49dab1,6c29a794008a8d83e024baf7cc49dab1,No,NoDisponible,,,,,,,
3,Ursus americanus,175522,-99.14,23.0316667,,True,1,-98.93,Mammalia,Carnivora,Ursidae,345,Terrestre,9999,,2017-12,http://www.snib.mx/snibgeoportal/Ejemplar.php?id=6dd1bba0d99b29e5aaddb400e3b492c5,6dd1bba0d99b29e5aaddb400e3b492c5,Si,NoDisponible,No,No,Si,,,,
27,Ursus americanus,170712,-99.9125,23.9558333,,False,4,28,Mammalia,Carnivora,Ursidae,2233,Terrestre,9999,,2017-12,http://www.snib.mx/snibgeoportal/Ejemplar.php?id=6f00e71874c131ebc4de7b0ab1590605,6f00e71874c131ebc4de7b0ab1590605,No,NoDisponible,,,,,,,
61,Ursus americanus,101362,-108.33639,29.97361,,False,3,6.22,Mammalia,Carnivora,Ursidae,2156,Terrestre,9999,,2017-12,http://www.snib.mx/snibgeoportal/Ejemplar.php?id=71da1e689b23c8b26167b88aed36221b,71da1e689b23c8b26167b88aed36221b,No,NoDisponible,,,,,,,
85,Ursus americanus,161179,-100.904585,25.2957338,,False,4,35.46,Mammalia,Carnivora,Ursidae,2634,Terrestre,2014,,2017-12,http://www.snib.mx/snibgeoportal/Ejemplar.php?id=760ac58e076ca47569079b6c0adfd906,760ac58e076ca47569079b6c0adfd906,No,NoDisponible,,,,,,,
62,Ursus americanus,101362,-108.33639,29.97361,,False,3,6.22,Mammalia,Carnivora,Ursidae,2156,Terrestre,9999,,2017-12,http://www.snib.mx/snibgeoportal/Ejemplar.php?id=782ce37bd54a881becd7d8b9e8ed9379,782ce37bd54a881becd7d8b9e8ed9379,No,NoDisponible,,,,,,,
28,Ursus americanus,170712,-99.9125,23.9558333,,False,4,28,Mammalia,Carnivora,Ursidae,2233,Terrestre,9999,,2017-12,http://www.snib.mx/snibgeoportal/Ejemplar.php?id=7d52356c21e57572585a1a4b28b8cf40,7d52356c21e57572585a1a4b28b8cf40,No,NoDisponible,,,,,,,
137,Ursus americanus,142041,-103.33083,25.35972,,False,3,-0.23,Mammalia,Carnivora,Ursidae,1169,Terrestre,1953,,2017-12,http://www.snib.mx/snibgeoportal/Ejemplar.php?id=7f24cbc7a640f24dfad32696b1fd09e6,7f24cbc7a640f24dfad32696b1fd09e6,Si,NoDisponible,No,No,Si,,,,
89,Ursus americanus,161179,-100.920088,25.3232644,,False,4,35.46,Mammalia,Carnivora,Ursidae,2329,Terrestre,2011,,2017-12,http://www.snib.mx/snibgeoportal/Ejemplar.php?id=7f4eb22b41b714cf0ee61af66448a800,7f4eb22b41b714cf0ee61af66448a800,No,NoDisponible,,,,,,,
63,Ursus americanus,101362,-108.33639,29.97361,,False,3,6.22,Mammalia,Carnivora,Ursidae,2156,Terrestre,9999,,2017-12,http://www.snib.mx/snibgeoportal/Ejemplar.php?id=7f722b2956e8f807cf3c390a58c07e87,7f722b2956e8f807cf3c390a58c07e87,No,NoDisponible,,,,,,,
49,Ursus americanus,175087,-98.925,19.325,,False,3,-5.7,Mammalia,Carnivora,Ursidae,2345,Terrestre,9999,,2017-12,http://www.snib.mx/snibgeoportal/Ejemplar.php?id=809d51c04cb223a69f65e6800842872a,809d51c04cb223a69f65e6800842872a,Si,NoDisponible,No,No,No,,,,
111,Ursus americanus,171017,-99.8876952,26.0733377,,False,3,17.93,Mammalia,Carnivora,Ursidae,1153,Terrestre,2012,,2017-12,http://www.snib.mx/snibgeoportal/Ejemplar.php?id=82342b2e9ced0c21d92732df0ab00a8e,82342b2e9ced0c21d92732df0ab00a8e,No,NoDisponible,,,,,,,
136,Ursus americanus,142041,-103.33083,25.35972,,False,3,-0.23,Mammalia,Carnivora,Ursidae,1169,Terrestre,1953,,2017-12,http://www.snib.mx/snibgeoportal/Ejemplar.php?id=8313737eaf12b12823c81adb233b2cdc,8313737eaf12b12823c81adb233b2cdc,Si,NoDisponible,No,No,Si,,,,
81,Ursus americanus,161179,-100.9696549,25.309593,,False,4,35.46,Mammalia,Carnivora,Ursidae,2570,Terrestre,2017,,2017-12,http://www.snib.mx/snibgeoportal/Ejemplar.php?id=84baae90a86160b29be8824a22c4d089,84baae90a86160b29be8824a22c4d089,No,NoDisponible,,,,,,,
29,Ursus americanus,170712,-99.9125,23.9558333,,False,4,28,Mammalia,Carnivora,Ursidae,2233,Terrestre,9999,,2017-12,http://www.snib.mx/snibgeoportal/Ejemplar.php?id=87f73224e23000203c9d9aadebdb7bcd,87f73224e23000203c9d9aadebdb7bcd,No,NoDisponible,,,,,,,
8,Ursus americanus,101398,-108.6072056,30.5626056,,False,4,30.65,Mammalia,Carnivora,Ursidae,2383,Terrestre,2008,,2017-12,http://www.snib.mx/snibgeoportal/Ejemplar.php?id=8ac689f56f5c873d14b2dbbf95d46114,8ac689f56f5c873d14b2dbbf95d46114,No,NoDisponible,,,,,,,
80,Ursus americanus,161179,-100.91091,25.3488399,,False,4,35.46,Mammalia,Carnivora,Ursidae,2854,Terrestre,2017,,2017-12,http://www.snib.mx/snibgeoportal/Ejemplar.php?id=8c1170b889325a4131e7e0fb4460f75b,8c1170b889325a4131e7e0fb4460f75b,No,NoDisponible,,,,,,,
82,Ursus americanus,161179,-100.9552777,25.3372219,,False,4,35.46,Mammalia,Carnivora,Ursidae,2388,Terrestre,2012,,2017-12,http://www.snib.mx/snibgeoportal/Ejemplar.php?id=8cbf93fb8524c3acdc0010319cca942c,8cbf93fb8524c3acdc0010319cca942c,No,NoDisponible,,,,,,,
125,Ursus americanus,161166,-100.9805066,25.2699299,,False,4,31.38,Mammalia,Carnivora,Ursidae,2182,Terrestre,2016,,2017-12,http://www.snib.mx/snibgeoportal/Ejemplar.php?id=8d034853a2b001391d1b3337f3c53c29,8d034853a2b001391d1b3337f3c53c29,No,NoDisponible,,,,,,,
30,Ursus americanus,170712,-99.9125,23.9558333,,False,4,28,Mammalia,Carnivora,Ursidae,2233,Terrestre,9999,,2017-12,http://www.snib.mx/snibgeoportal/Ejemplar.php?id=90f3de01798e6bcfc274ce2d302c7b4d,90f3de01798e6bcfc274ce2d302c7b4d,No,NoDisponible,,,,,,,
98,Ursus americanus,156531,-101.353995,26.3560158,,False,3,16.92,Mammalia,Carnivora,Ursidae,1140,Terrestre,2013,,2017-12,http://www.snib.mx/snibgeoportal/Ejemplar.php?id=91f64982653dc001a938a39c5e877eee,91f64982653dc001a938a39c5e877eee,No,NoDisponible,,,,,,,
131,Ursus americanus,156686,-101.5692369,27.8327158,,False,3,19.1,Mammalia,Carnivora,Ursidae,666,Terrestre,2012,,2017-12,http://www.snib.mx/snibgeoportal/Ejemplar.php?id=92b6217f7cf75bf8a256431b5775d312,92b6217f7cf75bf8a256431b5775d312,No,NoDisponible,,,,,,,
72,Ursus americanus,161190,-100.8482694,25.2456274,,False,4,34.84,Mammalia,Carnivora,Ursidae,2227,Terrestre,2011,,2017-12,http://www.snib.mx/snibgeoportal/Ejemplar.php?id=945dfbf6b0f514b451f43862de1e6eab,945dfbf6b0f514b451f43862de1e6eab,No,NoDisponible,,,,,,,
138,Ursus americanus,142041,-103.33083,25.35972,,False,3,-0.23,Mammalia,Carnivora,Ursidae,1169,Terrestre,1953,,2017-12,http://www.snib.mx/snibgeoportal/Ejemplar.php?id=947cc37dce77edff3f8a80139d3abfc2,947cc37dce77edff3f8a80139d3abfc2,Si,NoDisponible,No,No,Si,,,,
4,Ursus americanus,175522,-99.14,23.0316667,,True,1,-98.93,Mammalia,Carnivora,Ursidae,345,Terrestre,9999,,2017-12,http://www.snib.mx/snibgeoportal/Ejemplar.php?id=95436998ce1907320402032f87aa184f,95436998ce1907320402032f87aa184f,Si,NoDisponible,No,No,Si,,,,
139,Ursus americanus,142041,-103.33083,25.35972,,False,3,-0.23,Mammalia,Carnivora,Ursidae,1169,Terrestre,1953,,2017-12,http://www.snib.mx/snibgeoportal/Ejemplar.php?id=95f2e1d1e230924c4670d29d4c1449e2,95f2e1d1e230924c4670d29d4c1449e2,Si,NoDisponible,No,No,Si,,,,
95,Ursus americanus,166113,-100.3012488,25.6065,,False,4,31.43,Mammalia,Carnivora,Ursidae,872,Terrestre,2015,,2017-12,http://www.snib.mx/snibgeoportal/Ejemplar.php?id=977d636286f8ab61d1e972de497dd1ba,977d636286f8ab61d1e972de497dd1ba,No,NoDisponible,,,,,,,
93,Ursus americanus,161179,-100.9267963,25.3244283,,False,4,35.46,Mammalia,Carnivora,Ursidae,2363,Terrestre,2011,,2017-12,http://www.snib.mx/snibgeoportal/Ejemplar.php?id=984ee29eac4bbee1ea463bf083749b98,984ee29eac4bbee1ea463bf083749b98,No,NoDisponible,,,,,,,
58,Ursus americanus,147255,-102.5424239,29.06028,,False,4,25.81,Mammalia,Carnivora,Ursidae,1360,Terrestre,1953,,2017-12,http://www.snib.mx/snibgeoportal/Ejemplar.php?id=99680acb85c602c79e0e6767be212625,99680acb85c602c79e0e6767be212625,No,NoDisponible,,,,,,,
96,Ursus americanus,166113,-100.2798252,25.6059277,,False,4,31.43,Mammalia,Carnivora,Ursidae,667,Terrestre,2016,,2017-12,http://www.snib.mx/snibgeoportal/Ejemplar.php?id=9bd23c054f42f8701d6f166f51f64bf9,9bd23c054f42f8701d6f166f51f64bf9,No,NoDisponible,,,,,,,
76,Ursus americanus,166092,-100.3261769,25.6195249,,False,3,16.32,Mammalia,Carnivora,Ursidae,849,Terrestre,2006,,2017-12,http://www.snib.mx/snibgeoportal/Ejemplar.php?id=a05458b1077de12bd1f47ad528e2dfaf,a05458b1077de12bd1f47ad528e2dfaf,No,NoDisponible,,,,,,,
164,Ursus americanus,152047,-101.8252778,28.7936111,,False,3,10.61,Mammalia,Carnivora,Ursidae,953,Terrestre,1986,,2017-12,http://www.snib.mx/snibgeoportal/Ejemplar.php?id=a1f1d96ba45b7937274d370a8fe14660,a1f1d96ba45b7937274d370a8fe14660,No,NoDisponible,,,,,,,
151,Ursus americanus,175823,-99.2388889,25.705,,False,3,2.89,Mammalia,Carnivora,Ursidae,140,Terrestre,9999,,2017-12,http://www.snib.mx/snibgeoportal/Ejemplar.php?id=a26cec4e30886984846bf762cda7dd50,a26cec4e30886984846bf762cda7dd50,Si,NoDisponible,No,No,Si,,,,
128,Ursus americanus,161177,-100.9883877,25.3291699,,False,4,41.36,Mammalia,Carnivora,Ursidae,2221,Terrestre,2008,,2017-12,http://www.snib.mx/snibgeoportal/Ejemplar.php?id=a53b0206213a19017accecc4ea84ab4e,a53b0206213a19017accecc4ea84ab4e,No,NoDisponible,,,,,,,
99,Ursus americanus,161168,-100.8999447,25.2465077,,False,4,34.81,Mammalia,Carnivora,Ursidae,2417,Terrestre,2016,,2017-12,http://www.snib.mx/snibgeoportal/Ejemplar.php?id=a63326fc944c46051e4652a1d1585daa,a63326fc944c46051e4652a1d1585daa,No,NoDisponible,,,,,,,
31,Ursus americanus,170712,-99.9125,23.9558333,,False,4,28,Mammalia,Carnivora,Ursidae,2233,Terrestre,9999,,2017-12,http://www.snib.mx/snibgeoportal/Ejemplar.php?id=a6737803b9018270769bdb7497b001b7,a6737803b9018270769bdb7497b001b7,No,NoDisponible,,,,,,,
32,Ursus americanus,170712,-99.9125,23.9558333,,False,4,28,Mammalia,Carnivora,Ursidae,2233,Terrestre,9999,,2017-12,http://www.snib.mx/snibgeoportal/Ejemplar.php?id=a6bfec16cf5936e662bd5cc8e5e9e3ad,a6bfec16cf5936e662bd5cc8e5e9e3ad,No,NoDisponible,,,,,,,
33,Ursus americanus,170712,-99.9125,23.9558333,,False,4,28,Mammalia,Carnivora,Ursidae,2233,Terrestre,9999,,2017-12,http://www.snib.mx/snibgeoportal/Ejemplar.php?id=a9023eab4e1d9198ada659a31239ff69,a9023eab4e1d9198ada659a31239ff69,No,NoDisponible,,,,,,,
7,Ursus americanus,97065,-108.7441667,31.1411111,,False,4,27.9,Mammalia,Carnivora,Ursidae,1655,Terrestre,2008,,2017-12,http://www.snib.mx/snibgeoportal/Ejemplar.php?id=adbd1e105cd11fb84d303ecd181c91be,adbd1e105cd11fb84d303ecd181c91be,No,NoDisponible,,,,,,,
83,Ursus americanus,161179,-100.9552777,25.3372219,,False,4,35.46,Mammalia,Carnivora,Ursidae,2388,Terrestre,2012,,2017-12,http://www.snib.mx/snibgeoportal/Ejemplar.php?id=add3bc061e3932914d101bbcd22b5b64,add3bc061e3932914d101bbcd22b5b64,No,NoDisponible,,,,,,,
114,Ursus americanus,166100,-100.4727063,25.9247402,,False,4,30.19,Mammalia,Carnivora,Ursidae,926,Terrestre,2016,,2017-12,http://www.snib.mx/snibgeoportal/Ejemplar.php?id=af4c0c8082f8a13e70160e5c91d9ab41,af4c0c8082f8a13e70160e5c91d9ab41,No,NoDisponible,,,,,,,
50,Ursus americanus,175087,-98.925,19.325,,False,3,-5.7,Mammalia,Carnivora,Ursidae,2345,Terrestre,9999,,2017-12,http://www.snib.mx/snibgeoportal/Ejemplar.php?id=afb1883111d93b91b57cb1fea3137e5e,afb1883111d93b91b57cb1fea3137e5e,Si,NoDisponible,No,No,No,,,,
34,Ursus americanus,170712,-99.9125,23.9558333,,False,4,28,Mammalia,Carnivora,Ursidae,2233,Terrestre,9999,,2017-12,http://www.snib.mx/snibgeoportal/Ejemplar.php?id=afc6a319829836d3a7df833f10eaab32,afc6a319829836d3a7df833f10eaab32,No,NoDisponible,,,,,,,
75,Ursus americanus,161190,-100.8802449,25.280703,,False,4,34.84,Mammalia,Carnivora,Ursidae,2471,Terrestre,2016,,2017-12,http://www.snib.mx/snibgeoportal/Ejemplar.php?id=b0b3a674d4464af59270f29490e32dfd,b0b3a674d4464af59270f29490e32dfd,No,NoDisponible,,,,,,,
88,Ursus americanus,161179,-100.9246158,25.3271727,,False,4,35.46,Mammalia,Carnivora,Ursidae,2368,Terrestre,2011,,2017-12,http://www.snib.mx/snibgeoportal/Ejemplar.php?id=b48a744f8e45d34b30130006c0daae2c,b48a744f8e45d34b30130006c0daae2c,No,NoDisponible,,,,,,,
35,Ursus americanus,170712,-99.9125,23.9558333,,False,4,28,Mammalia,Carnivora,Ursidae,2233,Terrestre,9999,,2017-12,http://www.snib.mx/snibgeoportal/Ejemplar.php?id=b4f8a00d213ca341de69481da1d16581,b4f8a00d213ca341de69481da1d16581,No,NoDisponible,,,,,,,
132,Ursus americanus,170837,-99.9937202,24.9604805,,False,4,40.82,Mammalia,Carnivora,Ursidae,2127,Terrestre,2010,,2017-12,http://www.snib.mx/snibgeoportal/Ejemplar.php?id=b56dfd83329d5c31f215de3ecd7a143f,b56dfd83329d5c31f215de3ecd7a143f,No,NoDisponible,,,,,,,
0,Ursus americanus,175522,-99.1720833,23.0477944,,True,1,-98.93,Mammalia,Carnivora,Ursidae,682,Terrestre,9999,,2017-12,http://www.snib.mx/snibgeoportal/Ejemplar.php?id=b5befd758c3e9e7fbea65f1bd26c91ab,b5befd758c3e9e7fbea65f1bd26c91ab,Si,NoDisponible,No,No,Si,,,,
147,Ursus americanus,97066,-108.797206,31.206569,,False,4,34.38,Mammalia,Carnivora,Ursidae,2463,Terrestre,9999,,2017-12,http://www.snib.mx/snibgeoportal/Ejemplar.php?id=b6a6711e8f7b5cd337eb899422090290,b6a6711e8f7b5cd337eb899422090290,No,NoDisponible,,,,,,,
101,Ursus americanus,161168,-100.9189041,25.2676024,,False,4,34.81,Mammalia,Carnivora,Ursidae,2677,Terrestre,2008,,2017-12,http://www.snib.mx/snibgeoportal/Ejemplar.php?id=b6f6016d3f50993a4560abb0d985114b,b6f6016d3f50993a4560abb0d985114b,No,NoDisponible,,,,,,,
36,Ursus americanus,170712,-99.9125,23.9558333,,False,4,28,Mammalia,Carnivora,Ursidae,2233,Terrestre,9999,,2017-12,http://www.snib.mx/snibgeoportal/Ejemplar.php?id=b7af97ade86806b1d07e92519598c031,b7af97ade86806b1d07e92519598c031,No,NoDisponible,,,,,,,
107,Ursus americanus,166070,-100.2702024,25.5499402,,False,4,40.18,Mammalia,Carnivora,Ursidae,708,Terrestre,2015,,2017-12,http://www.snib.mx/snibgeoportal/Ejemplar.php?id=b8f1579ba862e75015692c55977dc2d8,b8f1579ba862e75015692c55977dc2d8,No,NoDisponible,,,,,,,
121,Ursus americanus,147229,-102.733148,29.0355116,,False,3,-16.48,Mammalia,Carnivora,Ursidae,1082,Terrestre,2016,,2017-12,http://www.snib.mx/snibgeoportal/Ejemplar.php?id=b94cb276e247a1578297c70004b43690,b94cb276e247a1578297c70004b43690,No,NoDisponible,,,,,,,
158,Ursus americanus,175703,-99.3847222,24.9380556,,False,3,0.6,Mammalia,Carnivora,Ursidae,258,Terrestre,9999,,2017-12,http://www.snib.mx/snibgeoportal/Ejemplar.php?id=bab0c1543955c6d2e615e4d2193ef771,bab0c1543955c6d2e615e4d2193ef771,No,NoDisponible,,,,,,,
37,Ursus americanus,170712,-99.9125,23.9558333,,False,4,28,Mammalia,Carnivora,Ursidae,2233,Terrestre,9999,,2017-12,http://www.snib.mx/snibgeoportal/Ejemplar.php?id=bc00819d09e86daa1ecf326442d4d93e,bc00819d09e86daa1ecf326442d4d93e,No,NoDisponible,,,,,,,
90,Ursus americanus,161179,-100.920088,25.3232644,,False,4,35.46,Mammalia,Carnivora,Ursidae,2329,Terrestre,2011,,2017-12,http://www.snib.mx/snibgeoportal/Ejemplar.php?id=bc50e113f386427ca2d91e3e129de931,bc50e113f386427ca2d91e3e129de931,No,NoDisponible,,,,,,,
120,Ursus americanus,161192,-100.7908099,25.2742099,,False,4,25.21,Mammalia,Carnivora,Ursidae,2052,Terrestre,2017,,2017-12,http://www.snib.mx/snibgeoportal/Ejemplar.php?id=bce6d58348eea9fdeb7635897d73fd03,bce6d58348eea9fdeb7635897d73fd03,No,NoDisponible,,,,,,,
112,Ursus americanus,166167,-100.4979544,26.4635849,,False,4,21.4,Mammalia,Carnivora,Ursidae,842,Terrestre,2013,,2017-12,http://www.snib.mx/snibgeoportal/Ejemplar.php?id=bdf9681e1f877c0d5b2a9e251a67298e,bdf9681e1f877c0d5b2a9e251a67298e,No,NoDisponible,,,,,,,
163,Ursus americanus,170718,-99.8575,23.9566667,,False,4,38.24,Mammalia,Carnivora,Ursidae,2285,Terrestre,1990,,2017-12,http://www.snib.mx/snibgeoportal/Ejemplar.php?id=bec491212112f704f3dc9cf525379164,bec491212112f704f3dc9cf525379164,No,NoDisponible,,,,,,,
157,Ursus americanus,161007,-100.6436111,23.6455556,,False,3,18.4,Mammalia,Carnivora,Ursidae,1591,Terrestre,9999,,2017-12,http://www.snib.mx/snibgeoportal/Ejemplar.php?id=c5251af71d3467172337a09cc6c10566,c5251af71d3467172337a09cc6c10566,No,NoDisponible,,,,,,,
146,Ursus americanus,147067,-102.3972222,27.4138889,,False,3,9.83,Mammalia,Carnivora,Ursidae,1185,Terrestre,9999,,2017-12,http://www.snib.mx/snibgeoportal/Ejemplar.php?id=c619917be1f52b8f61d02281aa8ad171,c619917be1f52b8f61d02281aa8ad171,No,NoDisponible,,,,,,,
64,Ursus americanus,101362,-108.33639,29.97361,,False,3,6.22,Mammalia,Carnivora,Ursidae,2156,Terrestre,9999,,2017-12,http://www.snib.mx/snibgeoportal/Ejemplar.php?id=c76e45be14a31a2bc1fa334168490f30,c76e45be14a31a2bc1fa334168490f30,No,NoDisponible,,,,,,,
105,Ursus americanus,166070,-100.2708008,25.5493719,,False,4,40.18,Mammalia,Carnivora,Ursidae,712,Terrestre,2012,,2017-12,http://www.snib.mx/snibgeoportal/Ejemplar.php?id=c7ac513964073e3e6ea6bc4eab8e4725,c7ac513964073e3e6ea6bc4eab8e4725,No,NoDisponible,,,,,,,
38,Ursus americanus,170712,-99.9125,23.9558333,,False,4,28,Mammalia,Carnivora,Ursidae,2233,Terrestre,9999,,2017-12,http://www.snib.mx/snibgeoportal/Ejemplar.php?id=c833fdea75f5a5915b9f679ca883914b,c833fdea75f5a5915b9f679ca883914b,No,NoDisponible,,,,,,,
104,Ursus americanus,166070,-100.2710577,25.5481519,,False,4,40.18,Mammalia,Carnivora,Ursidae,733,Terrestre,2015,,2017-12,http://www.snib.mx/snibgeoportal/Ejemplar.php?id=caabaf63f5a24dbf4a4fa2369b6cac5b,caabaf63f5a24dbf4a4fa2369b6cac5b,No,NoDisponible,,,,,,,
39,Ursus americanus,170712,-99.9125,23.9558333,,False,4,28,Mammalia,Carnivora,Ursidae,2233,Terrestre,9999,,2017-12,http://www.snib.mx/snibgeoportal/Ejemplar.php?id=cc467ed1468279165c1944fb3ba236fd,cc467ed1468279165c1944fb3ba236fd,No,NoDisponible,,,,,,,
155,Ursus americanus,122965,-105.7766667,22.8352778,,True,0,-122.11,Mammalia,Carnivora,Ursidae,36,Terrestre,9999,,2017-12,http://www.snib.mx/snibgeoportal/Ejemplar.php?id=ccc1065f0e4aea423375c93c5747728f,ccc1065f0e4aea423375c93c5747728f,Si,NoDisponible,No,No,Si,,,,
154,Ursus americanus,105811,-107.9488889,30.3786111,,False,3,7.3,Mammalia,Carnivora,Ursidae,1471,Terrestre,9999,,2017-12,http://www.snib.mx/snibgeoportal/Ejemplar.php?id=d14b6c989f20c10de7d89a714557ac01,d14b6c989f20c10de7d89a714557ac01,No,NoDisponible,,,,,,,
124,Ursus americanus,161180,-100.9363105,25.3682255,,False,4,47.12,Mammalia,Carnivora,Ursidae,1988,Terrestre,2017,,2017-12,http://www.snib.mx/snibgeoportal/Ejemplar.php?id=d1ffe84d2fba87e6aae043f25f946480,d1ffe84d2fba87e6aae043f25f946480,No,NoDisponible,,,,,,,
65,Ursus americanus,101362,-108.33639,29.97361,,False,3,6.22,Mammalia,Carnivora,Ursidae,2156,Terrestre,9999,,2017-12,http://www.snib.mx/snibgeoportal/Ejemplar.php?id=d302e2762b3d1ab1e9105a2f6d1f6e74,d302e2762b3d1ab1e9105a2f6d1f6e74,No,NoDisponible,,,,,,,
9,Ursus americanus,97036,-108.9627778,31.2116667,,False,3,14.85,Mammalia,Carnivora,Ursidae,1610,Terrestre,2004,,2017-12,http://www.snib.mx/snibgeoportal/Ejemplar.php?id=d398bbe40b528ec7217f024caee9b62a,d398bbe40b528ec7217f024caee9b62a,No,NoDisponible,,,,,,,
40,Ursus americanus,170712,-99.9125,23.9558333,,False,4,28,Mammalia,Carnivora,Ursidae,2233,Terrestre,9999,,2017-12,http://www.snib.mx/snibgeoportal/Ejemplar.php?id=d456009bed1a9a8c2ff1be85a3dcf6bb,d456009bed1a9a8c2ff1be85a3dcf6bb,No,NoDisponible,,,,,,,
142,Ursus americanus,175500,-99.2291667,23.0452778,,True,2,-54.87,Mammalia,Carnivora,Ursidae,1326,Terrestre,9999,,2017-12,http://www.snib.mx/snibgeoportal/Ejemplar.php?id=d4899d1b421cba2ebae05811c42ddb23,d4899d1b421cba2ebae05811c42ddb23,Si,NoDisponible,No,No,Si,,,,
41,Ursus americanus,170712,-99.9125,23.9558333,,False,4,28,Mammalia,Carnivora,Ursidae,2233,Terrestre,9999,,2017-12,http://www.snib.mx/snibgeoportal/Ejemplar.php?id=d5b828c1b2e47f11c0562d7f7a3875a5,d5b828c1b2e47f11c0562d7f7a3875a5,No,NoDisponible,,,,,,,
11,Ursus americanus,128203,-104.925,27.125,,False,3,0.52,Mammalia,Carnivora,Ursidae,1383,Terrestre,9999,,2017-12,http://www.snib.mx/snibgeoportal/Ejemplar.php?id=d98cadaada85f37dace62bfdeede343e,d98cadaada85f37dace62bfdeede343e,Si,NoDisponible,No,No,Si,,,,
51,Ursus americanus,175087,-98.925,19.325,,False,3,-5.7,Mammalia,Carnivora,Ursidae,2345,Terrestre,9999,,2017-12,http://www.snib.mx/snibgeoportal/Ejemplar.php?id=dda046364f4a67d624a1f624be3edae1,dda046364f4a67d624a1f624be3edae1,Si,NoDisponible,No,No,No,,,,
42,Ursus americanus,170712,-99.9125,23.9558333,,False,4,28,Mammalia,Carnivora,Ursidae,2233,Terrestre,9999,,2017-12,http://www.snib.mx/snibgeoportal/Ejemplar.php?id=e0687782149458f3754fa531990e5cb4,e0687782149458f3754fa531990e5cb4,No,NoDisponible,,,,,,,
43,Ursus americanus,170712,-99.9125,23.9558333,,False,4,28,Mammalia,Carnivora,Ursidae,2233,Terrestre,9999,,2017-12,http://www.snib.mx/snibgeoportal/Ejemplar.php?id=e1b83fd48aaf449d382b8b1343526ed3,e1b83fd48aaf449d382b8b1343526ed3,No,NoDisponible,,,,,,,
167,Ursus americanus,152047,-101.8252778,28.7936111,,False,3,10.61,Mammalia,Carnivora,Ursidae,953,Terrestre,1986,,2017-12,http://www.snib.mx/snibgeoportal/Ejemplar.php?id=e4d623b28ef44de69151881b57b47db3,e4d623b28ef44de69151881b57b47db3,No,NoDisponible,,,,,,,
119,Ursus americanus,156724,-101.3520819,27.954225,,False,3,8.01,Mammalia,Carnivora,Ursidae,401,Terrestre,2013,,2017-12,http://www.snib.mx/snibgeoportal/Ejemplar.php?id=e77468338e575f9a319a0c3997708fc4,e77468338e575f9a319a0c3997708fc4,No,NoDisponible,,,,,,,
54,Ursus americanus,114677,-106.644236,29.5666538,,False,3,20.22,Mammalia,Carnivora,Ursidae,1759,Terrestre,1957,,2017-12,http://www.snib.mx/snibgeoportal/Ejemplar.php?id=e778ba0cf7cee248b7f574ea54757533,e778ba0cf7cee248b7f574ea54757533,Si,NoDisponible,No,No,Si,,,,
109,Ursus americanus,170818,-99.9734097,24.5810308,,False,4,25.83,Mammalia,Carnivora,Ursidae,2235,Terrestre,2008,,2017-12,http://www.snib.mx/snibgeoportal/Ejemplar.php?id=e8115d334244d03e0e7d3d9755e9dade,e8115d334244d03e0e7d3d9755e9dade,No,NoDisponible,,,,,,,
144,Ursus americanus,175503,-99.2033333,23.075,,True,2,-50.5,Mammalia,Carnivora,Ursidae,1161,Terrestre,9999,,2017-12,http://www.snib.mx/snibgeoportal/Ejemplar.php?id=e8e98d7aca209806849506272fd33407,e8e98d7aca209806849506272fd33407,Si,NoDisponible,No,No,Si,,,,
92,Ursus americanus,161179,-100.9234999,25.3254658,,False,4,35.46,Mammalia,Carnivora,Ursidae,2357,Terrestre,2015,,2017-12,http://www.snib.mx/snibgeoportal/Ejemplar.php?id=e9b94e21e7476244ae0fb0d4b7c948ef,e9b94e21e7476244ae0fb0d4b7c948ef,No,NoDisponible,,,,,,,
117,Ursus americanus,156678,-101.7381188,27.8649988,,False,4,21.04,Mammalia,Carnivora,Ursidae,854,Terrestre,2012,,2017-12,http://www.snib.mx/snibgeoportal/Ejemplar.php?id=eb71c50f69904209e75e68295edf56ef,eb71c50f69904209e75e68295edf56ef,No,NoDisponible,,,,,,,
6,Ursus americanus,101397,-108.6189528,30.5464056,,False,4,29.4,Mammalia,Carnivora,Ursidae,2640,Terrestre,2008,,2017-12,http://www.snib.mx/snibgeoportal/Ejemplar.php?id=ebb2bc0cbb3dd4040792c83acd371bdf,ebb2bc0cbb3dd4040792c83acd371bdf,No,NoDisponible,,,,,,,
44,Ursus americanus,170712,-99.9125,23.9558333,,False,4,28,Mammalia,Carnivora,Ursidae,2233,Terrestre,9999,,2017-12,http://www.snib.mx/snibgeoportal/Ejemplar.php?id=ed310b995f57819d8c14d209777ed19c,ed310b995f57819d8c14d209777ed19c,No,NoDisponible,,,,,,,
45,Ursus americanus,170712,-99.9125,23.9558333,,False,4,28,Mammalia,Carnivora,Ursidae,2233,Terrestre,9999,,2017-12,http://www.snib.mx/snibgeoportal/Ejemplar.php?id=ee1ea8acd9b37ba9ed933fd9b0c2d8f7,ee1ea8acd9b37ba9ed933fd9b0c2d8f7,No,NoDisponible,,,,,,,
69,Ursus americanus,128183,-104.8,27,,False,3,1.27,Mammalia,Carnivora,Ursidae,1383,Terrestre,9999,,2017-12,http://www.snib.mx/snibgeoportal/Ejemplar.php?id=ee7002c4013fdda21f537dcfc4298bef,ee7002c4013fdda21f537dcfc4298bef,Si,NoDisponible,No,No,Si,,,,
123,Ursus americanus,161180,-100.9600638,25.36109,,False,4,47.12,Mammalia,Carnivora,Ursidae,2106,Terrestre,2016,,2017-12,http://www.snib.mx/snibgeoportal/Ejemplar.php?id=f0e02b6b399b87935a268a1ce7c15d63,f0e02b6b399b87935a268a1ce7c15d63,No,NoDisponible,,,,,,,
102,Ursus americanus,161168,-100.9087369,25.2912669,,False,4,34.81,Mammalia,Carnivora,Ursidae,2675,Terrestre,2014,,2017-12,http://www.snib.mx/snibgeoportal/Ejemplar.php?id=f120dd6772b4ff11d0c207249a4fabed,f120dd6772b4ff11d0c207249a4fabed,No,NoDisponible,,,,,,,
70,Ursus americanus,161189,-100.852,25.1814,,False,4,35.24,Mammalia,Carnivora,Ursidae,2236,Terrestre,2008,,2017-12,http://www.snib.mx/snibgeoportal/Ejemplar.php?id=f162478f20b1139f5659621975e44364,f162478f20b1139f5659621975e44364,No,NoDisponible,,,,,,,
46,Ursus americanus,170712,-99.9125,23.9558333,,False,4,28,Mammalia,Carnivora,Ursidae,2233,Terrestre,9999,,2017-12,http://www.snib.mx/snibgeoportal/Ejemplar.php?id=f3dc0caf6288fbbcbf53eaccf4b53c44,f3dc0caf6288fbbcbf53eaccf4b53c44,No,NoDisponible,,,,,,,
74,Ursus americanus,161190,-100.8459855,25.2464369,,False,4,34.84,Mammalia,Carnivora,Ursidae,2230,Terrestre,2013,,2017-12,http://www.snib.mx/snibgeoportal/Ejemplar.php?id=f3e07edd82bc1548ef6ca290c4021feb,f3e07edd82bc1548ef6ca290c4021feb,No,NoDisponible,,,,,,,
52,Ursus americanus,175087,-98.925,19.325,,False,3,-5.7,Mammalia,Carnivora,Ursidae,2345,Terrestre,9999,,2017-12,http://www.snib.mx/snibgeoportal/Ejemplar.php?id=f4c663f090a5725bbb3d72cfa73aacfb,f4c663f090a5725bbb3d72cfa73aacfb,Si,NoDisponible,No,No,No,,,,
66,Ursus americanus,101362,-108.33639,29.97361,,False,3,6.22,Mammalia,Carnivora,Ursidae,2156,Terrestre,9999,,2017-12,http://www.snib.mx/snibgeoportal/Ejemplar.php?id=f5a55bdb90557d089667d43ee84babc3,f5a55bdb90557d089667d43ee84babc3,No,NoDisponible,,,,,,,
68,Ursus americanus,156699,-101.51444,27.8775,,False,3,7.62,Mammalia,Carnivora,Ursidae,489,Terrestre,9999,,2017-12,http://www.snib.mx/snibgeoportal/Ejemplar.php?id=f77d571c2e99653dc2d1ad8401fb46fa,f77d571c2e99653dc2d1ad8401fb46fa,No,NoDisponible,,,,,,,
67,Ursus americanus,101362,-108.33639,29.97361,,False,3,6.22,Mammalia,Carnivora,Ursidae,2156,Terrestre,9999,,2017-12,http://www.snib.mx/snibgeoportal/Ejemplar.php?id=f8216e8e581ca283696c2152fe4f64fc,f8216e8e581ca283696c2152fe4f64fc,No,NoDisponible,,,,,,,
140,Ursus americanus,161181,-101,25.4333,,False,3,17.08,Mammalia,Carnivora,Ursidae,1573,Terrestre,1946,,2017-12,http://www.snib.mx/snibgeoportal/Ejemplar.php?id=f9d59f1f0a6a8a623f35ac13f5c76e15,f9d59f1f0a6a8a623f35ac13f5c76e15,No,NoDisponible,,,,,,,
47,Ursus americanus,170712,-99.9125,23.9558333,,False,4,28,Mammalia,Carnivora,Ursidae,2233,Terrestre,9999,,2017-12,http://www.snib.mx/snibgeoportal/Ejemplar.php?id=fe3eac42aad3f713fdda7f9e04b5b5bd,fe3eac42aad3f713fdda7f9e04b5b5bd,No,NoDisponible,,,,,,,
48,Ursus americanus,170712,-99.9125,23.9558333,,False,4,28,Mammalia,Carnivora,Ursidae,2233,Terrestre,9999,,2017-12,http://www.snib.mx/snibgeoportal/Ejemplar.php?id=ff0688787827b6112526656535746d30,ff0688787827b6112526656535746d30,No,NoDisponible,,,,,,,
