,especievalida,gridid,longitud,latitud,cuarentena,isoutlier,ms_cluster,tscore,clasevalida,ordenvalido,familiavalida,altitudmapa,ambiente,aniocolecta,probablelocnodecampo,version,urlejemplar,idejemplar
0,Aquiloeurycea galeanae,166011,-100.0916667,24.825,,False,4,49.49,Amphibia,Caudata,Plethodontidae,1687.0,Terrestre,9999,,2017-12,http://www.snib.mx/snibgeoportal/Ejemplar.php?id=14ea4e7ae76e8ae1a219fc44adff0269,14ea4e7ae76e8ae1a219fc44adff0269
1,Aquiloeurycea galeanae,166011,-100.0916667,24.825,,False,4,49.49,Amphibia,Caudata,Plethodontidae,1687.0,Terrestre,1938,,2017-12,http://www.snib.mx/snibgeoportal/Ejemplar.php?id=df746db2a2de33ae5c876669ed053e56,df746db2a2de33ae5c876669ed053e56
2,Aquiloeurycea galeanae,166011,-100.07638890000001,24.8269444,,False,4,49.49,Amphibia,Caudata,Plethodontidae,1638.0,Terrestre,9999,,2017-12,http://www.snib.mx/snibgeoportal/Ejemplar.php?id=7541fc956f78b247fc55279849e5d556,7541fc956f78b247fc55279849e5d556
3,Aquiloeurycea galeanae,166011,-100.07638890000001,24.8269444,,False,4,49.49,Amphibia,Caudata,Plethodontidae,1638.0,Terrestre,9999,,2017-12,http://www.snib.mx/snibgeoportal/Ejemplar.php?id=58df936c8dbad60c04d7c48dfe9bc558,58df936c8dbad60c04d7c48dfe9bc558
4,Aquiloeurycea galeanae,166011,-100.07638890000001,24.8269444,,False,4,49.49,Amphibia,Caudata,Plethodontidae,1638.0,Terrestre,1938,,2017-12,http://www.snib.mx/snibgeoportal/Ejemplar.php?id=b8d93d60f134b1a44478867b526186aa,b8d93d60f134b1a44478867b526186aa
5,Aquiloeurycea galeanae,170874,-99.5583333,24.8583333,,True,0,-63.12,Amphibia,Caudata,Plethodontidae,348.0,Terrestre,9999,,2017-12,http://www.snib.mx/snibgeoportal/Ejemplar.php?id=56f39d27454c2b5e0f15158ed1e16be1,56f39d27454c2b5e0f15158ed1e16be1
6,Aquiloeurycea galeanae,170775,-99.95833329999999,24.4416667,,False,4,40.83,Amphibia,Caudata,Plethodontidae,2325.0,Terrestre,9999,,2017-12,http://www.snib.mx/snibgeoportal/Ejemplar.php?id=8f28cb59853142adf20d31ce342425b3,8f28cb59853142adf20d31ce342425b3
7,Aquiloeurycea galeanae,170775,-99.9301415,24.43,,False,4,40.83,Amphibia,Caudata,Plethodontidae,2279.0,Terrestre,9999,,2017-12,http://www.snib.mx/snibgeoportal/Ejemplar.php?id=54f5881163382bf1af7c836d78bde4c5,54f5881163382bf1af7c836d78bde4c5
8,Aquiloeurycea galeanae,166013,-100.1416667,24.9583333,,False,4,56.54,Amphibia,Caudata,Plethodontidae,2006.0,Terrestre,9999,,2017-12,http://www.snib.mx/snibgeoportal/Ejemplar.php?id=076ac76dd26bd8793544d0299f3a078a,076ac76dd26bd8793544d0299f3a078a
9,Aquiloeurycea galeanae,166013,-100.1416667,24.9583333,,False,4,56.54,Amphibia,Caudata,Plethodontidae,2006.0,Terrestre,9999,,2017-12,http://www.snib.mx/snibgeoportal/Ejemplar.php?id=73172fdd1eb83c8d4371ddfcce0d5bbc,73172fdd1eb83c8d4371ddfcce0d5bbc
10,Aquiloeurycea galeanae,166004,-100.22671899999999,24.891938,,False,5,65.99,Amphibia,Caudata,Plethodontidae,3023.0,Terrestre,1973,,2017-12,http://www.snib.mx/snibgeoportal/Ejemplar.php?id=0bfe4ab40ef6cb7575458c8150eee4e4,0bfe4ab40ef6cb7575458c8150eee4e4
11,Aquiloeurycea galeanae,166004,-100.22671899999999,24.891938,,False,5,65.99,Amphibia,Caudata,Plethodontidae,3023.0,Terrestre,1973,,2017-12,http://www.snib.mx/snibgeoportal/Ejemplar.php?id=2ed9a20c6c53e491a7e836f51381102b,2ed9a20c6c53e491a7e836f51381102b
12,Aquiloeurycea galeanae,166004,-100.22671899999999,24.891938,,False,5,65.99,Amphibia,Caudata,Plethodontidae,3023.0,Terrestre,1973,,2017-12,http://www.snib.mx/snibgeoportal/Ejemplar.php?id=72ec19a394976d7ccf3d7e8e43dfbff6,72ec19a394976d7ccf3d7e8e43dfbff6
13,Aquiloeurycea galeanae,166004,-100.22671899999999,24.891938,,False,5,65.99,Amphibia,Caudata,Plethodontidae,3023.0,Terrestre,1973,,2017-12,http://www.snib.mx/snibgeoportal/Ejemplar.php?id=a97287a01116d7a5a928d48ad742042d,a97287a01116d7a5a928d48ad742042d
14,Aquiloeurycea galeanae,166004,-100.22671899999999,24.891938,,False,5,65.99,Amphibia,Caudata,Plethodontidae,3023.0,Terrestre,1973,,2017-12,http://www.snib.mx/snibgeoportal/Ejemplar.php?id=ab5cf52f8d25c085f846420b50184693,ab5cf52f8d25c085f846420b50184693
15,Aquiloeurycea galeanae,166004,-100.22671899999999,24.891938,,False,5,65.99,Amphibia,Caudata,Plethodontidae,3023.0,Terrestre,1973,,2017-12,http://www.snib.mx/snibgeoportal/Ejemplar.php?id=b214c271ea6ae0391d4d1d2aaa443339,b214c271ea6ae0391d4d1d2aaa443339
16,Aquiloeurycea galeanae,166004,-100.22671899999999,24.891938,,False,5,65.99,Amphibia,Caudata,Plethodontidae,3023.0,Terrestre,1973,,2017-12,http://www.snib.mx/snibgeoportal/Ejemplar.php?id=bd15640e7a97f8eeb7643d7292df87d4,bd15640e7a97f8eeb7643d7292df87d4
17,Aquiloeurycea galeanae,166004,-100.22671899999999,24.891938,,False,5,65.99,Amphibia,Caudata,Plethodontidae,3023.0,Terrestre,1973,,2017-12,http://www.snib.mx/snibgeoportal/Ejemplar.php?id=de873a8743e8ac186652096440f7982d,de873a8743e8ac186652096440f7982d
18,Aquiloeurycea galeanae,166004,-100.22671899999999,24.891938,,False,5,65.99,Amphibia,Caudata,Plethodontidae,3023.0,Terrestre,1973,,2017-12,http://www.snib.mx/snibgeoportal/Ejemplar.php?id=f96f843108d0ddff191d82bf6871fa79,f96f843108d0ddff191d82bf6871fa79
19,Aquiloeurycea galeanae,165993,-100.17944440000001,24.576666699999997,,False,3,30.66,Amphibia,Caudata,Plethodontidae,1929.0,Terrestre,1969,,2017-12,http://www.snib.mx/snibgeoportal/Ejemplar.php?id=7a184b5647825add74c0ada471b4fe32,7a184b5647825add74c0ada471b4fe32
20,Aquiloeurycea galeanae,165993,-100.17944440000001,24.576666699999997,,False,3,30.66,Amphibia,Caudata,Plethodontidae,1929.0,Terrestre,1969,,2017-12,http://www.snib.mx/snibgeoportal/Ejemplar.php?id=8e4cadf5bf82e5dcbcc2e03f64c8e21c,8e4cadf5bf82e5dcbcc2e03f64c8e21c
21,Aquiloeurycea galeanae,165993,-100.17944440000001,24.576666699999997,,False,3,30.66,Amphibia,Caudata,Plethodontidae,1929.0,Terrestre,1969,,2017-12,http://www.snib.mx/snibgeoportal/Ejemplar.php?id=9aeb96fee0dc9b4994db2f27791022ea,9aeb96fee0dc9b4994db2f27791022ea
22,Aquiloeurycea galeanae,165993,-100.17944440000001,24.576666699999997,,False,3,30.66,Amphibia,Caudata,Plethodontidae,1929.0,Terrestre,1969,,2017-12,http://www.snib.mx/snibgeoportal/Ejemplar.php?id=b5beabae17cc6f5366c9cb6e2c573a52,b5beabae17cc6f5366c9cb6e2c573a52
23,Aquiloeurycea galeanae,165993,-100.17944440000001,24.576666699999997,,False,3,30.66,Amphibia,Caudata,Plethodontidae,1929.0,Terrestre,1969,,2017-12,http://www.snib.mx/snibgeoportal/Ejemplar.php?id=c0001f0ddc14627dd0b1313c6fdb3818,c0001f0ddc14627dd0b1313c6fdb3818
24,Aquiloeurycea galeanae,165993,-100.17944440000001,24.576666699999997,,False,3,30.66,Amphibia,Caudata,Plethodontidae,1929.0,Terrestre,1969,,2017-12,http://www.snib.mx/snibgeoportal/Ejemplar.php?id=d93f3a627d08503f6e40d07ffcd9797c,d93f3a627d08503f6e40d07ffcd9797c
25,Aquiloeurycea galeanae,165993,-100.17944440000001,24.576666699999997,,False,3,30.66,Amphibia,Caudata,Plethodontidae,1929.0,Terrestre,1969,,2017-12,http://www.snib.mx/snibgeoportal/Ejemplar.php?id=dbe35e266067c0b37179293c3742be28,dbe35e266067c0b37179293c3742be28
26,Aquiloeurycea galeanae,165993,-100.17944440000001,24.576666699999997,,False,3,30.66,Amphibia,Caudata,Plethodontidae,1929.0,Terrestre,1969,,2017-12,http://www.snib.mx/snibgeoportal/Ejemplar.php?id=edba4d65afc6505efcce97f010b4b75a,edba4d65afc6505efcce97f010b4b75a
27,Aquiloeurycea galeanae,165993,-100.17944440000001,24.576666699999997,,False,3,30.66,Amphibia,Caudata,Plethodontidae,1929.0,Terrestre,1969,,2017-12,http://www.snib.mx/snibgeoportal/Ejemplar.php?id=fc7c1231532bab4dfcf02729a1086860,fc7c1231532bab4dfcf02729a1086860
28,Aquiloeurycea galeanae,170720,-99.7697222,23.971944399999998,,False,4,44.64,Amphibia,Caudata,Plethodontidae,1383.0,Terrestre,1981,,2017-12,http://www.snib.mx/snibgeoportal/Ejemplar.php?id=9a3cdd6435aa32efcd1a6b5b11d13b3f,9a3cdd6435aa32efcd1a6b5b11d13b3f
29,Aquiloeurycea galeanae,170720,-99.7697222,23.971944399999998,,False,4,44.64,Amphibia,Caudata,Plethodontidae,1383.0,Terrestre,1980,,2017-12,http://www.snib.mx/snibgeoportal/Ejemplar.php?id=f5e13c7dd93880d6be96b99c1ced08cd,f5e13c7dd93880d6be96b99c1ced08cd
30,Aquiloeurycea galeanae,170772,-99.9122222,24.327222199999998,,False,3,28.92,Amphibia,Caudata,Plethodontidae,1952.0,Terrestre,1977,,2017-12,http://www.snib.mx/snibgeoportal/Ejemplar.php?id=04819e181465894e1ccbd7a772a15afa,04819e181465894e1ccbd7a772a15afa
31,Aquiloeurycea galeanae,170772,-99.9123626,24.327222199999998,,False,3,28.92,Amphibia,Caudata,Plethodontidae,1955.0,Terrestre,1977,,2017-12,http://www.snib.mx/snibgeoportal/Ejemplar.php?id=4a36249570aa1dbb5680dfa0d77ab412,4a36249570aa1dbb5680dfa0d77ab412
32,Aquiloeurycea galeanae,170818,-99.995,24.5919444,,False,4,42.24,Amphibia,Caudata,Plethodontidae,2079.0,Terrestre,1968,,2017-12,http://www.snib.mx/snibgeoportal/Ejemplar.php?id=09c49f2277b4cd9edd0be83d0c435b8e,09c49f2277b4cd9edd0be83d0c435b8e
33,Aquiloeurycea galeanae,170818,-99.995,24.5919444,,False,4,42.24,Amphibia,Caudata,Plethodontidae,2079.0,Terrestre,1968,,2017-12,http://www.snib.mx/snibgeoportal/Ejemplar.php?id=1fb47d453a83f456f54e78377e271643,1fb47d453a83f456f54e78377e271643
34,Aquiloeurycea galeanae,170818,-99.995,24.5919444,,False,4,42.24,Amphibia,Caudata,Plethodontidae,2079.0,Terrestre,1972,,2017-12,http://www.snib.mx/snibgeoportal/Ejemplar.php?id=20c6f7145a310caf2f746e91b8fe6ac0,20c6f7145a310caf2f746e91b8fe6ac0
35,Aquiloeurycea galeanae,170818,-99.995,24.5919444,,False,4,42.24,Amphibia,Caudata,Plethodontidae,2079.0,Terrestre,1979,,2017-12,http://www.snib.mx/snibgeoportal/Ejemplar.php?id=38811ec65da8abf231bfc3e05a46545f,38811ec65da8abf231bfc3e05a46545f
36,Aquiloeurycea galeanae,170818,-99.995,24.5919444,,False,4,42.24,Amphibia,Caudata,Plethodontidae,2079.0,Terrestre,1968,,2017-12,http://www.snib.mx/snibgeoportal/Ejemplar.php?id=4898143f8420c35ebe7bb261d6c84910,4898143f8420c35ebe7bb261d6c84910
37,Aquiloeurycea galeanae,170818,-99.995,24.5919444,,False,4,42.24,Amphibia,Caudata,Plethodontidae,2079.0,Terrestre,9999,,2017-12,http://www.snib.mx/snibgeoportal/Ejemplar.php?id=504b06eb7f2a3a123c020759e2b7d4ac,504b06eb7f2a3a123c020759e2b7d4ac
38,Aquiloeurycea galeanae,170818,-99.995,24.5919444,,False,4,42.24,Amphibia,Caudata,Plethodontidae,2079.0,Terrestre,1979,,2017-12,http://www.snib.mx/snibgeoportal/Ejemplar.php?id=81432258bc148d761fef0f206bf5129b,81432258bc148d761fef0f206bf5129b
39,Aquiloeurycea galeanae,170818,-99.995,24.5919444,,False,4,42.24,Amphibia,Caudata,Plethodontidae,2079.0,Terrestre,1968,,2017-12,http://www.snib.mx/snibgeoportal/Ejemplar.php?id=d79b35c64a8cca60f51ef46d92ad6957,d79b35c64a8cca60f51ef46d92ad6957
40,Aquiloeurycea galeanae,170818,-99.995,24.5919444,,False,4,42.24,Amphibia,Caudata,Plethodontidae,2079.0,Terrestre,1972,,2017-12,http://www.snib.mx/snibgeoportal/Ejemplar.php?id=e3e06f001ed7ed2a9dfc2b2513d2abee,e3e06f001ed7ed2a9dfc2b2513d2abee
41,Aquiloeurycea galeanae,170818,-99.995,24.5919444,,False,4,42.24,Amphibia,Caudata,Plethodontidae,2079.0,Terrestre,1968,,2017-12,http://www.snib.mx/snibgeoportal/Ejemplar.php?id=ed99ffe8425b968c8c931cf634e9fb5c,ed99ffe8425b968c8c931cf634e9fb5c
42,Aquiloeurycea galeanae,170818,-99.995,24.5919444,,False,4,42.24,Amphibia,Caudata,Plethodontidae,2079.0,Terrestre,1972,,2017-12,http://www.snib.mx/snibgeoportal/Ejemplar.php?id=f267c2531aab951eb4c80309f31f3be7,f267c2531aab951eb4c80309f31f3be7
43,Aquiloeurycea galeanae,170818,-99.9901436,24.59,,False,4,42.24,Amphibia,Caudata,Plethodontidae,2175.0,Terrestre,1972,,2017-12,http://www.snib.mx/snibgeoportal/Ejemplar.php?id=19119501da83cf57f9a52449735a2bfa,19119501da83cf57f9a52449735a2bfa
44,Aquiloeurycea galeanae,170818,-99.9901436,24.59,,False,4,42.24,Amphibia,Caudata,Plethodontidae,2175.0,Terrestre,1972,,2017-12,http://www.snib.mx/snibgeoportal/Ejemplar.php?id=d59d48006c476f8e57dd64c746442739,d59d48006c476f8e57dd64c746442739
45,Aquiloeurycea galeanae,170818,-99.9951437,24.5919444,,False,4,42.24,Amphibia,Caudata,Plethodontidae,2078.0,Terrestre,1972,,2017-12,http://www.snib.mx/snibgeoportal/Ejemplar.php?id=b0df8bce3abc04ff129c8200c33626ef,b0df8bce3abc04ff129c8200c33626ef
46,Aquiloeurycea galeanae,170818,-99.9951437,24.5919444,,False,4,42.24,Amphibia,Caudata,Plethodontidae,2078.0,Terrestre,1972,,2017-12,http://www.snib.mx/snibgeoportal/Ejemplar.php?id=8890685b4376aed4166a0fcfcce1a2d4,8890685b4376aed4166a0fcfcce1a2d4
47,Aquiloeurycea galeanae,170818,-99.99725,24.5931111,,False,4,42.24,Amphibia,Caudata,Plethodontidae,2084.0,Terrestre,1972,,2017-12,http://www.snib.mx/snibgeoportal/Ejemplar.php?id=de7d9b17248a3233f91afb28d620a775,de7d9b17248a3233f91afb28d620a775
48,Aquiloeurycea galeanae,170818,-99.9951437,24.5919444,,False,4,42.24,Amphibia,Caudata,Plethodontidae,2078.0,Terrestre,1972,,2017-12,http://www.snib.mx/snibgeoportal/Ejemplar.php?id=d56e489db31e13ed90e6da7bd13ff139,d56e489db31e13ed90e6da7bd13ff139
49,Aquiloeurycea galeanae,170818,-99.9767777,24.5902219,,False,4,42.24,Amphibia,Caudata,Plethodontidae,2153.0,Terrestre,2005,,2017-12,http://www.snib.mx/snibgeoportal/Ejemplar.php?id=131d57f8c8079865ea40b6d9ef005c9a,131d57f8c8079865ea40b6d9ef005c9a
50,Aquiloeurycea galeanae,170818,-99.9767777,24.5902219,,False,4,42.24,Amphibia,Caudata,Plethodontidae,2153.0,Terrestre,2005,,2017-12,http://www.snib.mx/snibgeoportal/Ejemplar.php?id=f9ba43d40728be3a9709342fc6788865,f9ba43d40728be3a9709342fc6788865
51,Aquiloeurycea galeanae,170818,-99.99499990000001,24.591944100000003,,False,4,42.24,Amphibia,Caudata,Plethodontidae,2079.0,Terrestre,1968,,2017-12,http://www.snib.mx/snibgeoportal/Ejemplar.php?id=528d77210ef807c28864ce260a6e89a5,528d77210ef807c28864ce260a6e89a5
52,Aquiloeurycea galeanae,170818,-99.99499990000001,24.591944100000003,,False,4,42.24,Amphibia,Caudata,Plethodontidae,2079.0,Terrestre,1968,,2017-12,http://www.snib.mx/snibgeoportal/Ejemplar.php?id=5563147bcc5ebdb8ea5e009fd91fb7ac,5563147bcc5ebdb8ea5e009fd91fb7ac
53,Aquiloeurycea galeanae,170818,-99.99499990000001,24.591944100000003,,False,4,42.24,Amphibia,Caudata,Plethodontidae,2079.0,Terrestre,1968,,2017-12,http://www.snib.mx/snibgeoportal/Ejemplar.php?id=c1241f6bbaff248d6e198cf856aac23f,c1241f6bbaff248d6e198cf856aac23f
54,Aquiloeurycea galeanae,170818,-99.99499990000001,24.591944100000003,,False,4,42.24,Amphibia,Caudata,Plethodontidae,2079.0,Terrestre,1972,,2017-12,http://www.snib.mx/snibgeoportal/Ejemplar.php?id=c2fa1c04da2a9d98213c7acbb68a1816,c2fa1c04da2a9d98213c7acbb68a1816
55,Aquiloeurycea galeanae,170818,-99.99499990000001,24.591944100000003,,False,4,42.24,Amphibia,Caudata,Plethodontidae,2079.0,Terrestre,1968,,2017-12,http://www.snib.mx/snibgeoportal/Ejemplar.php?id=c82d36fbe0a02dc3b75a9cfeeffeb18f,c82d36fbe0a02dc3b75a9cfeeffeb18f
56,Aquiloeurycea galeanae,170818,-99.99499990000001,24.591944100000003,,False,4,42.24,Amphibia,Caudata,Plethodontidae,2079.0,Terrestre,1968,,2017-12,http://www.snib.mx/snibgeoportal/Ejemplar.php?id=fa117524371d09452c6b08e666c967b6,fa117524371d09452c6b08e666c967b6
57,Aquiloeurycea galeanae,170817,-99.9802778,24.5169444,,False,4,52.98,Amphibia,Caudata,Plethodontidae,2512.0,Terrestre,1976,,2017-12,http://www.snib.mx/snibgeoportal/Ejemplar.php?id=68d594e5ac45e70ef85b3f8e45ca8198,68d594e5ac45e70ef85b3f8e45ca8198
58,Aquiloeurycea galeanae,170817,-99.98281999999999,24.51836,,False,4,52.98,Amphibia,Caudata,Plethodontidae,2482.0,Terrestre,2012,,2017-12,http://www.snib.mx/snibgeoportal/Ejemplar.php?id=5af54c7aa39811667a92aebf04f163cb,5af54c7aa39811667a92aebf04f163cb
59,Aquiloeurycea galeanae,170817,-100.00896800000001,24.573083,,False,4,52.98,Amphibia,Caudata,Plethodontidae,2117.0,Terrestre,1979,,2017-12,http://www.snib.mx/snibgeoportal/Ejemplar.php?id=0ed7b6dc275a7cf5d701ae8f993f8c5a,0ed7b6dc275a7cf5d701ae8f993f8c5a
60,Aquiloeurycea galeanae,170817,-100.00896800000001,24.573083,,False,4,52.98,Amphibia,Caudata,Plethodontidae,2117.0,Terrestre,1979,,2017-12,http://www.snib.mx/snibgeoportal/Ejemplar.php?id=31841f11e795625d9856523fd1cfef5e,31841f11e795625d9856523fd1cfef5e
61,Aquiloeurycea galeanae,170817,-99.98281999999999,24.51835,,False,4,52.98,Amphibia,Caudata,Plethodontidae,2482.0,Terrestre,2012,,2017-12,http://www.snib.mx/snibgeoportal/Ejemplar.php?id=a60da6b062d2ef11eee065c0e3fa22c4,a60da6b062d2ef11eee065c0e3fa22c4
62,Aquiloeurycea galeanae,170817,-99.982417,24.51925,,False,4,52.98,Amphibia,Caudata,Plethodontidae,2474.0,Terrestre,1975,,2017-12,http://www.snib.mx/snibgeoportal/Ejemplar.php?id=049d69c5a05f1e9a57fa2672b410efe1,049d69c5a05f1e9a57fa2672b410efe1
63,Aquiloeurycea galeanae,170817,-99.982417,24.51925,,False,4,52.98,Amphibia,Caudata,Plethodontidae,2474.0,Terrestre,1975,,2017-12,http://www.snib.mx/snibgeoportal/Ejemplar.php?id=28f76820f1255977603c2dca8ea7ef7a,28f76820f1255977603c2dca8ea7ef7a
64,Aquiloeurycea galeanae,170817,-99.982417,24.51925,,False,4,52.98,Amphibia,Caudata,Plethodontidae,2474.0,Terrestre,1975,,2017-12,http://www.snib.mx/snibgeoportal/Ejemplar.php?id=2e87d38f48d0e1073fd2ddbcf2559768,2e87d38f48d0e1073fd2ddbcf2559768
65,Aquiloeurycea galeanae,170817,-99.982417,24.51925,,False,4,52.98,Amphibia,Caudata,Plethodontidae,2474.0,Terrestre,1971,,2017-12,http://www.snib.mx/snibgeoportal/Ejemplar.php?id=53afb5d804bc954fc038e92ea0bf8b1c,53afb5d804bc954fc038e92ea0bf8b1c
66,Aquiloeurycea galeanae,170817,-99.982417,24.51925,,False,4,52.98,Amphibia,Caudata,Plethodontidae,2474.0,Terrestre,1975,,2017-12,http://www.snib.mx/snibgeoportal/Ejemplar.php?id=6acf2068b212eb1908bb8de53f56071d,6acf2068b212eb1908bb8de53f56071d
67,Aquiloeurycea galeanae,170817,-99.982417,24.51925,,False,4,52.98,Amphibia,Caudata,Plethodontidae,2474.0,Terrestre,1975,,2017-12,http://www.snib.mx/snibgeoportal/Ejemplar.php?id=79316893300ee20937cf992c92bc122d,79316893300ee20937cf992c92bc122d
68,Aquiloeurycea galeanae,170817,-99.982417,24.51925,,False,4,52.98,Amphibia,Caudata,Plethodontidae,2474.0,Terrestre,1975,,2017-12,http://www.snib.mx/snibgeoportal/Ejemplar.php?id=892d8e01665c8a6c9f9b705419507b8a,892d8e01665c8a6c9f9b705419507b8a
69,Aquiloeurycea galeanae,170817,-99.982417,24.51925,,False,4,52.98,Amphibia,Caudata,Plethodontidae,2474.0,Terrestre,1975,,2017-12,http://www.snib.mx/snibgeoportal/Ejemplar.php?id=bb838fc8c5c9126f3da85cc1349a1341,bb838fc8c5c9126f3da85cc1349a1341
70,Aquiloeurycea galeanae,170817,-99.982417,24.51925,,False,4,52.98,Amphibia,Caudata,Plethodontidae,2474.0,Terrestre,1975,,2017-12,http://www.snib.mx/snibgeoportal/Ejemplar.php?id=c0b7589c2e7ecbfc3c253b3b81937986,c0b7589c2e7ecbfc3c253b3b81937986
71,Aquiloeurycea galeanae,170817,-99.982417,24.51925,,False,4,52.98,Amphibia,Caudata,Plethodontidae,2474.0,Terrestre,1975,,2017-12,http://www.snib.mx/snibgeoportal/Ejemplar.php?id=ca5a836295b98ccb6b702aab6f34cfb6,ca5a836295b98ccb6b702aab6f34cfb6
72,Aquiloeurycea galeanae,170817,-99.982417,24.51925,,False,4,52.98,Amphibia,Caudata,Plethodontidae,2474.0,Terrestre,1975,,2017-12,http://www.snib.mx/snibgeoportal/Ejemplar.php?id=de2806ee563d6ce57601c2755f4438ce,de2806ee563d6ce57601c2755f4438ce
73,Aquiloeurycea galeanae,170705,-99.9802778,23.745277800000004,,False,2,9.44,Amphibia,Caudata,Plethodontidae,1484.0,Terrestre,1981,,2017-12,http://www.snib.mx/snibgeoportal/Ejemplar.php?id=16659daa6b908f0ab57b6885444814bb,16659daa6b908f0ab57b6885444814bb
74,Aquiloeurycea galeanae,170705,-99.9802778,23.745277800000004,,False,2,9.44,Amphibia,Caudata,Plethodontidae,1484.0,Terrestre,1985,,2017-12,http://www.snib.mx/snibgeoportal/Ejemplar.php?id=20a43bb06c4824fc075f31541b7bb822,20a43bb06c4824fc075f31541b7bb822
75,Aquiloeurycea galeanae,170705,-99.9802778,23.745277800000004,,False,2,9.44,Amphibia,Caudata,Plethodontidae,1484.0,Terrestre,1985,,2017-12,http://www.snib.mx/snibgeoportal/Ejemplar.php?id=6ee8869c7c7043d97e70c4d299b5f1b5,6ee8869c7c7043d97e70c4d299b5f1b5
76,Aquiloeurycea galeanae,170705,-99.9647355,23.749835,,False,2,9.44,Amphibia,Caudata,Plethodontidae,1522.0,Terrestre,1985,,2017-12,http://www.snib.mx/snibgeoportal/Ejemplar.php?id=598d40202bf77e45c578bf5f563bc1c5,598d40202bf77e45c578bf5f563bc1c5
77,Aquiloeurycea galeanae,170705,-99.9647355,23.749835,,False,2,9.44,Amphibia,Caudata,Plethodontidae,1522.0,Terrestre,1985,,2017-12,http://www.snib.mx/snibgeoportal/Ejemplar.php?id=af1763ad315eb8e8a8cc09b69dbc4b90,af1763ad315eb8e8a8cc09b69dbc4b90
78,Aquiloeurycea galeanae,170722,-99.68777779999999,23.5575,,False,3,25.38,Amphibia,Caudata,Plethodontidae,1831.0,Terrestre,2004,,2017-12,http://www.snib.mx/snibgeoportal/Ejemplar.php?id=703061fe82c12088759f7d8316bf8f25,703061fe82c12088759f7d8316bf8f25
79,Aquiloeurycea galeanae,170719,-99.80301,23.89343,,False,4,57.04,Amphibia,Caudata,Plethodontidae,2803.0,Terrestre,2012,,2017-12,http://www.snib.mx/snibgeoportal/Ejemplar.php?id=88878fa02fc21ff5dfdf6c0df767fe30,88878fa02fc21ff5dfdf6c0df767fe30
80,Aquiloeurycea galeanae,170725,-99.70749,23.62095,,False,4,56.71,Amphibia,Caudata,Plethodontidae,2804.0,Terrestre,2012,,2017-12,http://www.snib.mx/snibgeoportal/Ejemplar.php?id=acf920fbacc9d03d33eecc5911307e92,acf920fbacc9d03d33eecc5911307e92
81,Aquiloeurycea galeanae,170725,-99.70824,23.600620000000003,,False,4,56.71,Amphibia,Caudata,Plethodontidae,2634.0,Terrestre,2012,,2017-12,http://www.snib.mx/snibgeoportal/Ejemplar.php?id=5db75e5c51d65b0c8f8b80d10b5fd895,5db75e5c51d65b0c8f8b80d10b5fd895
82,Aquiloeurycea galeanae,170725,-99.7101328,23.6,,False,4,56.71,Amphibia,Caudata,Plethodontidae,2640.0,Terrestre,9999,,2017-12,http://www.snib.mx/snibgeoportal/Ejemplar.php?id=66cbd277bceb7cc73eabc33879b0af88,66cbd277bceb7cc73eabc33879b0af88
83,Aquiloeurycea galeanae,170725,-99.7101328,23.6,,False,4,56.71,Amphibia,Caudata,Plethodontidae,2640.0,Terrestre,9999,,2017-12,http://www.snib.mx/snibgeoportal/Ejemplar.php?id=bb9b2bbc60541806f9f1064506adf4f5,bb9b2bbc60541806f9f1064506adf4f5
84,Aquiloeurycea galeanae,170725,-99.7101328,23.6,,False,4,56.71,Amphibia,Caudata,Plethodontidae,2640.0,Terrestre,9999,,2017-12,http://www.snib.mx/snibgeoportal/Ejemplar.php?id=7cc4a5f1d47d1638799f8c101d3f8ef8,7cc4a5f1d47d1638799f8c101d3f8ef8
85,Aquiloeurycea galeanae,170752,-99.47359,23.95859,,False,3,34.89,Amphibia,Caudata,Plethodontidae,1925.0,Terrestre,2012,,2017-12,http://www.snib.mx/snibgeoportal/Ejemplar.php?id=92c7c333aeebe8eb6c3e30b594af8de5,92c7c333aeebe8eb6c3e30b594af8de5
86,Aquiloeurycea galeanae,170752,-99.47359,23.95859,,False,3,34.89,Amphibia,Caudata,Plethodontidae,1925.0,Terrestre,2012,,2017-12,http://www.snib.mx/snibgeoportal/Ejemplar.php?id=99c6ea5671b09ffb4df00dc419d7b7bb,99c6ea5671b09ffb4df00dc419d7b7bb
87,Aquiloeurycea galeanae,166003,-100.2301502,24.79,,False,4,53.36,Amphibia,Caudata,Plethodontidae,2199.0,Terrestre,1912,,2017-12,http://www.snib.mx/snibgeoportal/Ejemplar.php?id=909891abdb790776e116a628d56fb288,909891abdb790776e116a628d56fb288
88,Aquiloeurycea galeanae,166003,-100.2399999,24.789999899999998,,False,4,53.36,Amphibia,Caudata,Plethodontidae,2160.0,Terrestre,1939,,2017-12,http://www.snib.mx/snibgeoportal/Ejemplar.php?id=4284fca702421bce32bc22d3a2b286b7,4284fca702421bce32bc22d3a2b286b7
89,Aquiloeurycea galeanae,166003,-100.2399999,24.789999899999998,,False,4,53.36,Amphibia,Caudata,Plethodontidae,2160.0,Terrestre,1939,,2017-12,http://www.snib.mx/snibgeoportal/Ejemplar.php?id=d4b99c0a08286cfe4c49d05679017103,d4b99c0a08286cfe4c49d05679017103
90,Aquiloeurycea galeanae,166003,-100.22999990000001,24.789999899999998,,False,4,53.36,Amphibia,Caudata,Plethodontidae,2197.0,Terrestre,9999,,2017-12,http://www.snib.mx/snibgeoportal/Ejemplar.php?id=f57676734ab402dbd1248df103ba90ad,f57676734ab402dbd1248df103ba90ad
91,Aquiloeurycea galeanae,170776,-99.950142,24.45,,False,5,58.69,Amphibia,Caudata,Plethodontidae,2299.0,Terrestre,1969,,2017-12,http://www.snib.mx/snibgeoportal/Ejemplar.php?id=3351fa54c34e170fd950489078eb0ca2,3351fa54c34e170fd950489078eb0ca2
92,Aquiloeurycea galeanae,170776,-99.950142,24.45,,False,5,58.69,Amphibia,Caudata,Plethodontidae,2299.0,Terrestre,1969,,2017-12,http://www.snib.mx/snibgeoportal/Ejemplar.php?id=505b9d3025ed0096775f7d10cdf51c04,505b9d3025ed0096775f7d10cdf51c04
93,Aquiloeurycea galeanae,170776,-99.950142,24.45,,False,5,58.69,Amphibia,Caudata,Plethodontidae,2299.0,Terrestre,1969,,2017-12,http://www.snib.mx/snibgeoportal/Ejemplar.php?id=906e738b5c024f06cd1d980da401744a,906e738b5c024f06cd1d980da401744a
94,Aquiloeurycea galeanae,170776,-99.950142,24.45,,False,5,58.69,Amphibia,Caudata,Plethodontidae,2299.0,Terrestre,1969,,2017-12,http://www.snib.mx/snibgeoportal/Ejemplar.php?id=969fc08d670f6420f4c3b797ead13edd,969fc08d670f6420f4c3b797ead13edd
95,Aquiloeurycea galeanae,170776,-99.950142,24.45,,False,5,58.69,Amphibia,Caudata,Plethodontidae,2299.0,Terrestre,1969,,2017-12,http://www.snib.mx/snibgeoportal/Ejemplar.php?id=a1ea11d1966de685446c16c46cd92648,a1ea11d1966de685446c16c46cd92648
96,Aquiloeurycea galeanae,170776,-99.950142,24.45,,False,5,58.69,Amphibia,Caudata,Plethodontidae,2299.0,Terrestre,1969,,2017-12,http://www.snib.mx/snibgeoportal/Ejemplar.php?id=a493cac3be958e9e2e45912f06a10efa,a493cac3be958e9e2e45912f06a10efa
97,Aquiloeurycea galeanae,170776,-99.950142,24.45,,False,5,58.69,Amphibia,Caudata,Plethodontidae,2299.0,Terrestre,1969,,2017-12,http://www.snib.mx/snibgeoportal/Ejemplar.php?id=ab8279c7313384dff652f635d9aeddbb,ab8279c7313384dff652f635d9aeddbb
98,Aquiloeurycea galeanae,170776,-99.950142,24.45,,False,5,58.69,Amphibia,Caudata,Plethodontidae,2299.0,Terrestre,1969,,2017-12,http://www.snib.mx/snibgeoportal/Ejemplar.php?id=bf5f0c32e1f4786877476fac9d6229b3,bf5f0c32e1f4786877476fac9d6229b3
99,Aquiloeurycea galeanae,170776,-99.950142,24.45,,False,5,58.69,Amphibia,Caudata,Plethodontidae,2299.0,Terrestre,1969,,2017-12,http://www.snib.mx/snibgeoportal/Ejemplar.php?id=c5909a6ff85e923b37e0991bf8b6fd26,c5909a6ff85e923b37e0991bf8b6fd26
100,Aquiloeurycea galeanae,166005,-100.2583333,24.9416666,,False,4,46.65,Amphibia,Caudata,Plethodontidae,2433.0,Terrestre,1972,,2017-12,http://www.snib.mx/snibgeoportal/Ejemplar.php?id=66192eb69e6b13c60452493bee968755,66192eb69e6b13c60452493bee968755
101,Aquiloeurycea galeanae,166005,-100.2583333,24.9416666,,False,4,46.65,Amphibia,Caudata,Plethodontidae,2433.0,Terrestre,1972,,2017-12,http://www.snib.mx/snibgeoportal/Ejemplar.php?id=6b8e35df15f192668b1b4f2fd8b50a50,6b8e35df15f192668b1b4f2fd8b50a50
102,Aquiloeurycea galeanae,166005,-100.2583333,24.9416666,,False,4,46.65,Amphibia,Caudata,Plethodontidae,2433.0,Terrestre,1972,,2017-12,http://www.snib.mx/snibgeoportal/Ejemplar.php?id=a33e8026686c4be2afdfaa731925144b,a33e8026686c4be2afdfaa731925144b
103,Aquiloeurycea galeanae,170726,-99.72,23.6716667,,False,4,55.37,Amphibia,Caudata,Plethodontidae,3013.0,Terrestre,2004,,2017-12,http://www.snib.mx/snibgeoportal/Ejemplar.php?id=4c110402966a3b368e919d64e9188da7,4c110402966a3b368e919d64e9188da7
104,Aquiloeurycea galeanae,166031,-100.3857222,25.222972199999997,,False,4,51.61,Amphibia,Caudata,Plethodontidae,2820.0,Terrestre,1973,,2017-12,http://www.snib.mx/snibgeoportal/Ejemplar.php?id=08bef061768f4cfbbe0bf6c7adc470a9,08bef061768f4cfbbe0bf6c7adc470a9
105,Aquiloeurycea galeanae,166031,-100.3857222,25.222972199999997,,False,4,51.61,Amphibia,Caudata,Plethodontidae,2820.0,Terrestre,1973,,2017-12,http://www.snib.mx/snibgeoportal/Ejemplar.php?id=0f0693be1abf32c8e8a09d0c2eac3370,0f0693be1abf32c8e8a09d0c2eac3370
106,Aquiloeurycea galeanae,166031,-100.3857222,25.222972199999997,,False,4,51.61,Amphibia,Caudata,Plethodontidae,2820.0,Terrestre,1973,,2017-12,http://www.snib.mx/snibgeoportal/Ejemplar.php?id=17f64aa90e459eb7a10a63ad7a62ead2,17f64aa90e459eb7a10a63ad7a62ead2
107,Aquiloeurycea galeanae,166031,-100.3857222,25.222972199999997,,False,4,51.61,Amphibia,Caudata,Plethodontidae,2820.0,Terrestre,1973,,2017-12,http://www.snib.mx/snibgeoportal/Ejemplar.php?id=18c34925664f74c5655dddbf857e360c,18c34925664f74c5655dddbf857e360c
108,Aquiloeurycea galeanae,166031,-100.3857222,25.222972199999997,,False,4,51.61,Amphibia,Caudata,Plethodontidae,2820.0,Terrestre,1973,,2017-12,http://www.snib.mx/snibgeoportal/Ejemplar.php?id=1e7b7515c11c0d94d3c8720fbec47523,1e7b7515c11c0d94d3c8720fbec47523
109,Aquiloeurycea galeanae,166031,-100.3857222,25.222972199999997,,False,4,51.61,Amphibia,Caudata,Plethodontidae,2820.0,Terrestre,1973,,2017-12,http://www.snib.mx/snibgeoportal/Ejemplar.php?id=22dc7ccade5ea66bb90fcfa4ea670b73,22dc7ccade5ea66bb90fcfa4ea670b73
110,Aquiloeurycea galeanae,166031,-100.3857222,25.222972199999997,,False,4,51.61,Amphibia,Caudata,Plethodontidae,2820.0,Terrestre,1973,,2017-12,http://www.snib.mx/snibgeoportal/Ejemplar.php?id=37fecb315c557ce13156d9c8ee479b86,37fecb315c557ce13156d9c8ee479b86
111,Aquiloeurycea galeanae,166031,-100.3857222,25.222972199999997,,False,4,51.61,Amphibia,Caudata,Plethodontidae,2820.0,Terrestre,1973,,2017-12,http://www.snib.mx/snibgeoportal/Ejemplar.php?id=3a5108cc6477faaac2d515f8e4b320a0,3a5108cc6477faaac2d515f8e4b320a0
112,Aquiloeurycea galeanae,166031,-100.3857222,25.222972199999997,,False,4,51.61,Amphibia,Caudata,Plethodontidae,2820.0,Terrestre,1973,,2017-12,http://www.snib.mx/snibgeoportal/Ejemplar.php?id=3c32f1f97efef27aa3ea35aee8982e45,3c32f1f97efef27aa3ea35aee8982e45
113,Aquiloeurycea galeanae,166031,-100.3857222,25.222972199999997,,False,4,51.61,Amphibia,Caudata,Plethodontidae,2820.0,Terrestre,1973,,2017-12,http://www.snib.mx/snibgeoportal/Ejemplar.php?id=504023748b3490801c81fe359411fae5,504023748b3490801c81fe359411fae5
114,Aquiloeurycea galeanae,166031,-100.3857222,25.222972199999997,,False,4,51.61,Amphibia,Caudata,Plethodontidae,2820.0,Terrestre,1973,,2017-12,http://www.snib.mx/snibgeoportal/Ejemplar.php?id=51bf674db99969f5fc21d6d4ad6ff6db,51bf674db99969f5fc21d6d4ad6ff6db
115,Aquiloeurycea galeanae,166031,-100.3857222,25.222972199999997,,False,4,51.61,Amphibia,Caudata,Plethodontidae,2820.0,Terrestre,1973,,2017-12,http://www.snib.mx/snibgeoportal/Ejemplar.php?id=56fd870e825b322db23aa64697785d45,56fd870e825b322db23aa64697785d45
116,Aquiloeurycea galeanae,166031,-100.3857222,25.222972199999997,,False,4,51.61,Amphibia,Caudata,Plethodontidae,2820.0,Terrestre,1973,,2017-12,http://www.snib.mx/snibgeoportal/Ejemplar.php?id=61f97288debd0d450fb778485dafd81d,61f97288debd0d450fb778485dafd81d
117,Aquiloeurycea galeanae,166031,-100.3857222,25.222972199999997,,False,4,51.61,Amphibia,Caudata,Plethodontidae,2820.0,Terrestre,1973,,2017-12,http://www.snib.mx/snibgeoportal/Ejemplar.php?id=6659f01eeed9b0866507f807249ecdc7,6659f01eeed9b0866507f807249ecdc7
118,Aquiloeurycea galeanae,166031,-100.3857222,25.222972199999997,,False,4,51.61,Amphibia,Caudata,Plethodontidae,2820.0,Terrestre,1973,,2017-12,http://www.snib.mx/snibgeoportal/Ejemplar.php?id=6c62974df5663708a522299e9a414c7c,6c62974df5663708a522299e9a414c7c
119,Aquiloeurycea galeanae,166031,-100.3857222,25.222972199999997,,False,4,51.61,Amphibia,Caudata,Plethodontidae,2820.0,Terrestre,1973,,2017-12,http://www.snib.mx/snibgeoportal/Ejemplar.php?id=8c5dbce349fe7ae9142959ac362c0984,8c5dbce349fe7ae9142959ac362c0984
120,Aquiloeurycea galeanae,166031,-100.3857222,25.222972199999997,,False,4,51.61,Amphibia,Caudata,Plethodontidae,2820.0,Terrestre,1973,,2017-12,http://www.snib.mx/snibgeoportal/Ejemplar.php?id=94785b8ad9ba53c73bcffe51ca9281f2,94785b8ad9ba53c73bcffe51ca9281f2
121,Aquiloeurycea galeanae,166031,-100.3857222,25.222972199999997,,False,4,51.61,Amphibia,Caudata,Plethodontidae,2820.0,Terrestre,1973,,2017-12,http://www.snib.mx/snibgeoportal/Ejemplar.php?id=956181ad066bb02d084d2df440056b8b,956181ad066bb02d084d2df440056b8b
122,Aquiloeurycea galeanae,166031,-100.3857222,25.222972199999997,,False,4,51.61,Amphibia,Caudata,Plethodontidae,2820.0,Terrestre,1973,,2017-12,http://www.snib.mx/snibgeoportal/Ejemplar.php?id=99f80c92be760ed73a1837a39fc38d9a,99f80c92be760ed73a1837a39fc38d9a
123,Aquiloeurycea galeanae,166031,-100.3857222,25.222972199999997,,False,4,51.61,Amphibia,Caudata,Plethodontidae,2820.0,Terrestre,1973,,2017-12,http://www.snib.mx/snibgeoportal/Ejemplar.php?id=a72d0921f8a7e8e9a8e70e288c79364a,a72d0921f8a7e8e9a8e70e288c79364a
124,Aquiloeurycea galeanae,166031,-100.3857222,25.222972199999997,,False,4,51.61,Amphibia,Caudata,Plethodontidae,2820.0,Terrestre,1973,,2017-12,http://www.snib.mx/snibgeoportal/Ejemplar.php?id=a798846cc05c382eadc3c8654981e2aa,a798846cc05c382eadc3c8654981e2aa
125,Aquiloeurycea galeanae,166031,-100.3857222,25.222972199999997,,False,4,51.61,Amphibia,Caudata,Plethodontidae,2820.0,Terrestre,1973,,2017-12,http://www.snib.mx/snibgeoportal/Ejemplar.php?id=b2c5928964bcc2a71abab9c24e6bc68f,b2c5928964bcc2a71abab9c24e6bc68f
126,Aquiloeurycea galeanae,166031,-100.3857222,25.222972199999997,,False,4,51.61,Amphibia,Caudata,Plethodontidae,2820.0,Terrestre,1973,,2017-12,http://www.snib.mx/snibgeoportal/Ejemplar.php?id=b8933c8eedf2eaa494cad8c0d79f1035,b8933c8eedf2eaa494cad8c0d79f1035
127,Aquiloeurycea galeanae,166031,-100.3857222,25.222972199999997,,False,4,51.61,Amphibia,Caudata,Plethodontidae,2820.0,Terrestre,1973,,2017-12,http://www.snib.mx/snibgeoportal/Ejemplar.php?id=dcd8ed9974fb7cb9092a0d70f0823e7c,dcd8ed9974fb7cb9092a0d70f0823e7c
128,Aquiloeurycea galeanae,166030,-100.4333333,25.2333333,,False,4,46.62,Amphibia,Caudata,Plethodontidae,2652.0,Terrestre,1972,,2017-12,http://www.snib.mx/snibgeoportal/Ejemplar.php?id=0ed46b8ba1c22e849841ad03e5a5f0bf,0ed46b8ba1c22e849841ad03e5a5f0bf
129,Aquiloeurycea galeanae,166030,-100.4333333,25.2333333,,False,4,46.62,Amphibia,Caudata,Plethodontidae,2652.0,Terrestre,1973,,2017-12,http://www.snib.mx/snibgeoportal/Ejemplar.php?id=2fb06efbfb97d0a22aed479928a245b3,2fb06efbfb97d0a22aed479928a245b3
130,Aquiloeurycea galeanae,166030,-100.4333333,25.2333333,,False,4,46.62,Amphibia,Caudata,Plethodontidae,2652.0,Terrestre,1973,,2017-12,http://www.snib.mx/snibgeoportal/Ejemplar.php?id=39c4e32f667f74b7eed9968bf04a841f,39c4e32f667f74b7eed9968bf04a841f
131,Aquiloeurycea galeanae,166030,-100.4333333,25.2333333,,False,4,46.62,Amphibia,Caudata,Plethodontidae,2652.0,Terrestre,1973,,2017-12,http://www.snib.mx/snibgeoportal/Ejemplar.php?id=4621205944f53382da8b38023f0208a1,4621205944f53382da8b38023f0208a1
132,Aquiloeurycea galeanae,166030,-100.4333333,25.2333333,,False,4,46.62,Amphibia,Caudata,Plethodontidae,2652.0,Terrestre,1973,,2017-12,http://www.snib.mx/snibgeoportal/Ejemplar.php?id=93c141e161751c1fca15bfc96895a684,93c141e161751c1fca15bfc96895a684
133,Aquiloeurycea galeanae,166030,-100.4333333,25.2333333,,False,4,46.62,Amphibia,Caudata,Plethodontidae,2652.0,Terrestre,1973,,2017-12,http://www.snib.mx/snibgeoportal/Ejemplar.php?id=a045641ad0ee0047dcdd7dfba8556c6c,a045641ad0ee0047dcdd7dfba8556c6c
134,Aquiloeurycea galeanae,166030,-100.4333333,25.2333333,,False,4,46.62,Amphibia,Caudata,Plethodontidae,2652.0,Terrestre,1973,,2017-12,http://www.snib.mx/snibgeoportal/Ejemplar.php?id=abde723f82494ea0fcd19f999f4bec36,abde723f82494ea0fcd19f999f4bec36
135,Aquiloeurycea galeanae,166030,-100.4333333,25.2333333,,False,4,46.62,Amphibia,Caudata,Plethodontidae,2652.0,Terrestre,1973,,2017-12,http://www.snib.mx/snibgeoportal/Ejemplar.php?id=b8972d0d1838488706a30c8a45d14424,b8972d0d1838488706a30c8a45d14424
136,Aquiloeurycea galeanae,166030,-100.4333333,25.2333333,,False,4,46.62,Amphibia,Caudata,Plethodontidae,2652.0,Terrestre,1973,,2017-12,http://www.snib.mx/snibgeoportal/Ejemplar.php?id=bec2ffee6790de28a7397d1481d1a70a,bec2ffee6790de28a7397d1481d1a70a
137,Aquiloeurycea galeanae,166030,-100.4333333,25.2333333,,False,4,46.62,Amphibia,Caudata,Plethodontidae,2652.0,Terrestre,1973,,2017-12,http://www.snib.mx/snibgeoportal/Ejemplar.php?id=c357412c78dbde565c395befb669928e,c357412c78dbde565c395befb669928e
138,Aquiloeurycea galeanae,166030,-100.4333333,25.2333333,,False,4,46.62,Amphibia,Caudata,Plethodontidae,2652.0,Terrestre,1973,,2017-12,http://www.snib.mx/snibgeoportal/Ejemplar.php?id=da5e7af387195112d4e6b330b5c8c309,da5e7af387195112d4e6b330b5c8c309
139,Aquiloeurycea galeanae,166007,-100.25,24.933332999999998,,False,4,49.49,Amphibia,Caudata,Plethodontidae,2375.0,Terrestre,1968,,2017-12,http://www.snib.mx/snibgeoportal/Ejemplar.php?id=16347460038b0899198a18ae2b824893,16347460038b0899198a18ae2b824893
140,Aquiloeurycea galeanae,166007,-100.25,24.933332999999998,,False,4,49.49,Amphibia,Caudata,Plethodontidae,2375.0,Terrestre,1968,,2017-12,http://www.snib.mx/snibgeoportal/Ejemplar.php?id=444a5e27ad2731202b75f3efbc3d8844,444a5e27ad2731202b75f3efbc3d8844
141,Aquiloeurycea galeanae,166007,-100.25,24.933332999999998,,False,4,49.49,Amphibia,Caudata,Plethodontidae,2375.0,Terrestre,1968,,2017-12,http://www.snib.mx/snibgeoportal/Ejemplar.php?id=fcf0cf252fc7671016099f9b7a27c568,fcf0cf252fc7671016099f9b7a27c568
142,Aquiloeurycea galeanae,166034,-100.57088879999999,25.4017777,,False,5,58.43,Amphibia,Caudata,Plethodontidae,2469.0,Terrestre,2005,,2017-12,http://www.snib.mx/snibgeoportal/Ejemplar.php?id=16c48697850d86cb25103b0ce963230f,16c48697850d86cb25103b0ce963230f
143,Aquiloeurycea galeanae,175500,-99.209333,23.0581941,,True,1,-16.65,Amphibia,Caudata,Plethodontidae,1113.0,Terrestre,2005,,2017-12,http://www.snib.mx/snibgeoportal/Ejemplar.php?id=cb0d763997db3b76edfdb1a3ac06b216,cb0d763997db3b76edfdb1a3ac06b216
144,Aquiloeurycea galeanae,170742,-99.6775591,23.9729108,,False,4,47.67,Amphibia,Caudata,Plethodontidae,2577.0,Terrestre,2008,,2017-12,http://www.snib.mx/snibgeoportal/Ejemplar.php?id=d6141462c09074050c139fff318a5de9,d6141462c09074050c139fff318a5de9
145,Aquiloeurycea galeanae,170712,-99.96177940000001,23.9528111,,False,3,34.93,Amphibia,Caudata,Plethodontidae,2622.0,Terrestre,2008,,2017-12,http://www.snib.mx/snibgeoportal/Ejemplar.php?id=5629940a61f8fcf11ae89439ede25869,5629940a61f8fcf11ae89439ede25869
146,Aquiloeurycea galeanae,170715,-99.7560886,23.7868672,,False,4,53.56,Amphibia,Caudata,Plethodontidae,2359.0,Terrestre,2008,,2017-12,http://www.snib.mx/snibgeoportal/Ejemplar.php?id=c8b4a1d88c183c6f81b370021383694d,c8b4a1d88c183c6f81b370021383694d
147,Aquiloeurycea galeanae,170721,-99.689863,23.4646113,,False,3,28.06,Amphibia,Caudata,Plethodontidae,1869.0,Terrestre,2008,,2017-12,http://www.snib.mx/snibgeoportal/Ejemplar.php?id=c990e7959dee86508225e563e5358ba1,c990e7959dee86508225e563e5358ba1
148,Aquiloeurycea galeanae,165952,-100.0527791,24.5074916,,False,3,38.41,Amphibia,Caudata,Plethodontidae,2306.0,Terrestre,2009,,2017-12,http://www.snib.mx/snibgeoportal/Ejemplar.php?id=2164c26d965b36ad548f786193bfc560,2164c26d965b36ad548f786193bfc560
149,Aquiloeurycea galeanae,170819,-99.91211190000001,24.5515397,,False,5,64.95,Amphibia,Caudata,Plethodontidae,1708.0,Terrestre,2016,,2017-12,http://www.snib.mx/snibgeoportal/Ejemplar.php?id=93c1877e55a670bb0addcbeae13f62c1,93c1877e55a670bb0addcbeae13f62c1
150,Aquiloeurycea galeanae,170827,-99.8166363,24.562661300000002,,False,3,24.24,Amphibia,Caudata,Plethodontidae,1320.0,Terrestre,2007,,2017-12,http://www.snib.mx/snibgeoportal/Ejemplar.php?id=bb53747d7135fc4c7bae718b9a202716,bb53747d7135fc4c7bae718b9a202716
151,Aquiloeurycea galeanae,170704,-99.7815949,23.723875800000002,,False,4,43.61,Amphibia,Caudata,Plethodontidae,2867.0,Terrestre,2006,,2017-12,http://www.snib.mx/snibgeoportal/Ejemplar.php?id=fbb393ffc96711e83596a8bb24f94306,fbb393ffc96711e83596a8bb24f94306
