,especievalida,gridid,longitud,latitud,cuarentena,isoutlier,ms_cluster,tscore,clasevalida,ordenvalido,familiavalida,altitudmapa,ambiente,aniocolecta,probablelocnodecampo,version,urlejemplar,idejemplar,sospechoso,DistConocida,DistPotencial,Buffer (Km),EstadoDoc,ValidoAmbiente,BufferAmbiente
319,Chiropterotriton chondrostega,170700,-99.81,23.55,,True,1,-9.93,Amphibia,Caudata,Plethodontidae,1826,Terrestre,9999,,2017-12,http://www.snib.mx/snibgeoportal/Ejemplar.php?id=0090662e0791589c7e9b9373afadb329,0090662e0791589c7e9b9373afadb329,Si,NoDisponible,Si,Si,Si,,
79,Chiropterotriton chondrostega,180127,-98.6374999,20.6774999,,False,5,38.38,Amphibia,Caudata,Plethodontidae,1586,Terrestre,1979,,2017-12,http://www.snib.mx/snibgeoportal/Ejemplar.php?id=00a0b2fb41a03c25c40f5ab65a8bc045,00a0b2fb41a03c25c40f5ab65a8bc045,No,NoDisponible,,,,,
299,Chiropterotriton chondrostega,170429,-99.5577778,21.2075,,False,4,27.31,Amphibia,Caudata,Plethodontidae,1137,Terrestre,9999,,2017-12,http://www.snib.mx/snibgeoportal/Ejemplar.php?id=01147a4ab9bd69dd41c61d1e8d9e9079,01147a4ab9bd69dd41c61d1e8d9e9079,Si,NoDisponible,Si,Si,Si,,
10,Chiropterotriton chondrostega,175500,-99.1902778,23.0361111,,False,4,25.42,Amphibia,Caudata,Plethodontidae,875,Terrestre,1949,,2017-12,http://www.snib.mx/snibgeoportal/Ejemplar.php?id=0270096da135b0978e3aedf3e2ea97fd,0270096da135b0978e3aedf3e2ea97fd,No,NoDisponible,,,,,
96,Chiropterotriton chondrostega,180124,-98.6583333,20.6583333,,False,5,34.54,Amphibia,Caudata,Plethodontidae,2015,Terrestre,9999,,2017-12,http://www.snib.mx/snibgeoportal/Ejemplar.php?id=02e7d2eda3965287fe32b5634a1f7638,02e7d2eda3965287fe32b5634a1f7638,No,NoDisponible,,,,,
58,Chiropterotriton chondrostega,180127,-98.6583333,20.725,,False,5,38.38,Amphibia,Caudata,Plethodontidae,1624,Terrestre,9999,,2017-12,http://www.snib.mx/snibgeoportal/Ejemplar.php?id=03f8a737e9e2fe56b10f708ce53d46b7,03f8a737e9e2fe56b10f708ce53d46b7,No,NoDisponible,,,,,
130,Chiropterotriton chondrostega,180124,-98.6547222,20.6430555,,False,5,34.54,Amphibia,Caudata,Plethodontidae,1957,Terrestre,1974,,2017-12,http://www.snib.mx/snibgeoportal/Ejemplar.php?id=0456009e72f6c8f228d992dcf0573221,0456009e72f6c8f228d992dcf0573221,No,NoDisponible,,,,,
97,Chiropterotriton chondrostega,180124,-98.6583333,20.6583333,,False,5,34.54,Amphibia,Caudata,Plethodontidae,2015,Terrestre,9999,,2017-12,http://www.snib.mx/snibgeoportal/Ejemplar.php?id=04bbd03ff6cc948d81a187626eb9ebbb,04bbd03ff6cc948d81a187626eb9ebbb,No,NoDisponible,,,,,
93,Chiropterotriton chondrostega,180143,-98.3399999,20.41,,False,5,37.34,Amphibia,Caudata,Plethodontidae,1199,Terrestre,1952,,2017-12,http://www.snib.mx/snibgeoportal/Ejemplar.php?id=05125873b5b93a5b9d93b574fea87ffd,05125873b5b93a5b9d93b574fea87ffd,No,NoDisponible,,,,,
11,Chiropterotriton chondrostega,175500,-99.1902778,23.0361111,,False,4,25.42,Amphibia,Caudata,Plethodontidae,875,Terrestre,1949,,2017-12,http://www.snib.mx/snibgeoportal/Ejemplar.php?id=05e237059871263b61c6665b257e14b9,05e237059871263b61c6665b257e14b9,No,NoDisponible,,,,,
181,Chiropterotriton chondrostega,180123,-98.65,20.5833299,,False,5,42.43,Amphibia,Caudata,Plethodontidae,1788,Terrestre,1938,,2017-12,http://www.snib.mx/snibgeoportal/Ejemplar.php?id=0683c1e44e95e1b1321c65fe2f656ac2,0683c1e44e95e1b1321c65fe2f656ac2,No,NoDisponible,,,,,
133,Chiropterotriton chondrostega,180124,-98.65,20.65,,False,5,34.54,Amphibia,Caudata,Plethodontidae,1969,Terrestre,9999,,2017-12,http://www.snib.mx/snibgeoportal/Ejemplar.php?id=06abb38990a0936621f3c8dc7af8fe0c,06abb38990a0936621f3c8dc7af8fe0c,No,NoDisponible,,,,,
48,Chiropterotriton chondrostega,175503,-99.2188888,23.1080555,,False,5,39.03,Amphibia,Caudata,Plethodontidae,1658,Terrestre,1979,,2017-12,http://www.snib.mx/snibgeoportal/Ejemplar.php?id=08dbb4a82ec980114b4719f82a470659,08dbb4a82ec980114b4719f82a470659,No,NoDisponible,,,,,
155,Chiropterotriton chondrostega,175502,-99.3052778,23.1644444,,False,4,29.26,Amphibia,Caudata,Plethodontidae,1592,Terrestre,1953,,2017-12,http://www.snib.mx/snibgeoportal/Ejemplar.php?id=0957c015fb4af5e9cea4b958c33c7f7d,0957c015fb4af5e9cea4b958c33c7f7d,No,NoDisponible,,,,,
187,Chiropterotriton chondrostega,185297,-98.275,22.7083333,,True,1,-11.36,Amphibia,Caudata,Plethodontidae,52,Terrestre,9999,,2017-12,http://www.snib.mx/snibgeoportal/Ejemplar.php?id=09621be905489cd2e21ae4320d82587f,09621be905489cd2e21ae4320d82587f,No,NoDisponible,,,,,
9,Chiropterotriton chondrostega,175500,-99.2436111,23.0419444,,False,4,25.42,Amphibia,Caudata,Plethodontidae,1505,Terrestre,1953,,2017-12,http://www.snib.mx/snibgeoportal/Ejemplar.php?id=097817337bc9277fb0e40fc2ba2797f6,097817337bc9277fb0e40fc2ba2797f6,No,NoDisponible,,,,,
189,Chiropterotriton chondrostega,175286,-99.1544316,21.273974,,False,5,36.45,Amphibia,Caudata,Plethodontidae,1674,Terrestre,1972,,2017-12,http://www.snib.mx/snibgeoportal/Ejemplar.php?id=0a330c1fc563f8b20a8ae37d09786b1e,0a330c1fc563f8b20a8ae37d09786b1e,No,NoDisponible,,,,,
12,Chiropterotriton chondrostega,175500,-99.1902778,23.0361111,,False,4,25.42,Amphibia,Caudata,Plethodontidae,875,Terrestre,1965,,2017-12,http://www.snib.mx/snibgeoportal/Ejemplar.php?id=0afc5fd749a009cb3d41f65f6975d32e,0afc5fd749a009cb3d41f65f6975d32e,No,NoDisponible,,,,,
119,Chiropterotriton chondrostega,180124,-98.6291666,20.6272222,,False,5,34.54,Amphibia,Caudata,Plethodontidae,1963,Terrestre,1972,,2017-12,http://www.snib.mx/snibgeoportal/Ejemplar.php?id=0b56ee9f37a93b1aef06f761ec24d0b2,0b56ee9f37a93b1aef06f761ec24d0b2,No,NoDisponible,,,,,
120,Chiropterotriton chondrostega,180124,-98.6291666,20.6272222,,False,5,34.54,Amphibia,Caudata,Plethodontidae,1963,Terrestre,1972,,2017-12,http://www.snib.mx/snibgeoportal/Ejemplar.php?id=0cc9d92b3c52ad79487329c2eea7aa8c,0cc9d92b3c52ad79487329c2eea7aa8c,No,NoDisponible,,,,,
176,Chiropterotriton chondrostega,180139,-98.35,20.283333,,False,4,33.45,Amphibia,Caudata,Plethodontidae,2182,Terrestre,1946,,2017-12,http://www.snib.mx/snibgeoportal/Ejemplar.php?id=0f605c2bf11910219b3932293e3a68d3,0f605c2bf11910219b3932293e3a68d3,No,NoDisponible,,,,,
182,Chiropterotriton chondrostega,180123,-98.65,20.5833299,,False,5,42.43,Amphibia,Caudata,Plethodontidae,1788,Terrestre,1938,,2017-12,http://www.snib.mx/snibgeoportal/Ejemplar.php?id=0f7eafa9c4c2ba8ee7b16bc369e7c117,0f7eafa9c4c2ba8ee7b16bc369e7c117,No,NoDisponible,,,,,
98,Chiropterotriton chondrostega,180124,-98.6583333,20.6583333,,False,5,34.54,Amphibia,Caudata,Plethodontidae,2015,Terrestre,9999,,2017-12,http://www.snib.mx/snibgeoportal/Ejemplar.php?id=0faab8cd3bc83eca1239763600a9e69a,0faab8cd3bc83eca1239763600a9e69a,No,NoDisponible,,,,,
13,Chiropterotriton chondrostega,175500,-99.1902778,23.0361111,,False,4,25.42,Amphibia,Caudata,Plethodontidae,875,Terrestre,9999,,2017-12,http://www.snib.mx/snibgeoportal/Ejemplar.php?id=0fea1037b11ee8dc0c90058e88b40de8,0fea1037b11ee8dc0c90058e88b40de8,No,NoDisponible,,,,,
121,Chiropterotriton chondrostega,180124,-98.6291666,20.6272222,,False,5,34.54,Amphibia,Caudata,Plethodontidae,1963,Terrestre,1972,,2017-12,http://www.snib.mx/snibgeoportal/Ejemplar.php?id=101c7deb5f3c7cd22c1de1207d685737,101c7deb5f3c7cd22c1de1207d685737,No,NoDisponible,,,,,
59,Chiropterotriton chondrostega,180127,-98.6583333,20.725,,False,5,38.38,Amphibia,Caudata,Plethodontidae,1624,Terrestre,9999,,2017-12,http://www.snib.mx/snibgeoportal/Ejemplar.php?id=106248695e98ebff208e38e7e6bcacf1,106248695e98ebff208e38e7e6bcacf1,No,NoDisponible,,,,,
197,Chiropterotriton chondrostega,175286,-99.1586111,21.2916667,,False,5,36.45,Amphibia,Caudata,Plethodontidae,2013,Terrestre,1969,,2017-12,http://www.snib.mx/snibgeoportal/Ejemplar.php?id=132858de8bb1382c469feaaac810d3f4,132858de8bb1382c469feaaac810d3f4,No,NoDisponible,,,,,
296,Chiropterotriton chondrostega,175264,-99.1758333,21.2866667,,False,4,30.53,Amphibia,Caudata,Plethodontidae,1978,Terrestre,9999,,2017-12,http://www.snib.mx/snibgeoportal/Ejemplar.php?id=13635daacce481627e9b02b4b3b3393b,13635daacce481627e9b02b4b3b3393b,No,NoDisponible,,,,,
251,Chiropterotriton chondrostega,175337,-98.9903871,21.38611,,False,3,21.44,Amphibia,Caudata,Plethodontidae,673,Terrestre,1979,,2017-12,http://www.snib.mx/snibgeoportal/Ejemplar.php?id=13b1b7814b53b4d828cbeb62be2eb8a4,13b1b7814b53b4d828cbeb62be2eb8a4,Si,NoDisponible,Si,Si,No,,
322,Chiropterotriton chondrostega,175329,-99.1661477,21.3880377,,False,4,29.22,Amphibia,Caudata,Plethodontidae,2191,Terrestre,2008,,2017-12,http://www.snib.mx/snibgeoportal/Ejemplar.php?id=13e65c55674cad008b5d0a7b93eaee85,13e65c55674cad008b5d0a7b93eaee85,No,NoDisponible,,,,,
232,Chiropterotriton chondrostega,175286,-99.1277778,21.2916667,,False,5,36.45,Amphibia,Caudata,Plethodontidae,1630,Terrestre,9999,,2017-12,http://www.snib.mx/snibgeoportal/Ejemplar.php?id=155c7cb0f6d18bd30500621644803d9a,155c7cb0f6d18bd30500621644803d9a,No,NoDisponible,,,,,
160,Chiropterotriton chondrostega,175244,-99.2299999,20.8899999,,False,5,39.53,Amphibia,Caudata,Plethodontidae,2201,Terrestre,1938,,2017-12,http://www.snib.mx/snibgeoportal/Ejemplar.php?id=16ec1a8e7b63a716501127161bebaae2,16ec1a8e7b63a716501127161bebaae2,No,NoDisponible,,,,,
312,Chiropterotriton chondrostega,194897,-97.15,19.4899999,,False,5,34.06,Amphibia,Caudata,Plethodontidae,4125,Terrestre,1978,,2017-12,http://www.snib.mx/snibgeoportal/Ejemplar.php?id=178d8a14766d1821bb541d469d2ab958,178d8a14766d1821bb541d469d2ab958,No,NoDisponible,,,,,
198,Chiropterotriton chondrostega,175286,-99.1586111,21.2916667,,False,5,36.45,Amphibia,Caudata,Plethodontidae,2013,Terrestre,1970,,2017-12,http://www.snib.mx/snibgeoportal/Ejemplar.php?id=17bf6ed64d1997974675e709bed23566,17bf6ed64d1997974675e709bed23566,No,NoDisponible,,,,,
60,Chiropterotriton chondrostega,180127,-98.6583333,20.725,,False,5,38.38,Amphibia,Caudata,Plethodontidae,1624,Terrestre,9999,,2017-12,http://www.snib.mx/snibgeoportal/Ejemplar.php?id=18e431ffd548b434e8dc746b400b4e9c,18e431ffd548b434e8dc746b400b4e9c,No,NoDisponible,,,,,
229,Chiropterotriton chondrostega,175286,-99.1372222,21.2747222,,False,5,36.45,Amphibia,Caudata,Plethodontidae,1972,Terrestre,9999,,2017-12,http://www.snib.mx/snibgeoportal/Ejemplar.php?id=19367f3938da6a86d0012eedac3cfd24,19367f3938da6a86d0012eedac3cfd24,No,NoDisponible,,,,,
14,Chiropterotriton chondrostega,175500,-99.1902778,23.0361111,,False,4,25.42,Amphibia,Caudata,Plethodontidae,875,Terrestre,9999,,2017-12,http://www.snib.mx/snibgeoportal/Ejemplar.php?id=1b76b62c25ce1cfcced02d6d534eef2f,1b76b62c25ce1cfcced02d6d534eef2f,No,NoDisponible,,,,,
99,Chiropterotriton chondrostega,180124,-98.6583333,20.6583333,,False,5,34.54,Amphibia,Caudata,Plethodontidae,2015,Terrestre,9999,,2017-12,http://www.snib.mx/snibgeoportal/Ejemplar.php?id=1b9129b8d7f05e921b79d3bc134c35a6,1b9129b8d7f05e921b79d3bc134c35a6,No,NoDisponible,,,,,
288,Chiropterotriton chondrostega,175513,-99.27034,23.22251,,False,4,30.83,Amphibia,Caudata,Plethodontidae,1826,Terrestre,1950,,2017-12,http://www.snib.mx/snibgeoportal/Ejemplar.php?id=1cdba274507759f2433aa3780ea380df,1cdba274507759f2433aa3780ea380df,No,NoDisponible,,,,,
190,Chiropterotriton chondrostega,175286,-99.1544316,21.273974,,False,5,36.45,Amphibia,Caudata,Plethodontidae,1674,Terrestre,1972,,2017-12,http://www.snib.mx/snibgeoportal/Ejemplar.php?id=1e61d1ea1b521a2c7b7f1b72ba7647f4,1e61d1ea1b521a2c7b7f1b72ba7647f4,No,NoDisponible,,,,,
15,Chiropterotriton chondrostega,175500,-99.1902778,23.0361111,,False,4,25.42,Amphibia,Caudata,Plethodontidae,875,Terrestre,1950,,2017-12,http://www.snib.mx/snibgeoportal/Ejemplar.php?id=1eb6f4ed94b9ad766ec2dd08b636c747,1eb6f4ed94b9ad766ec2dd08b636c747,No,NoDisponible,,,,,
263,Chiropterotriton chondrostega,175192,-99.3805278,20.7922778,,False,4,25.96,Amphibia,Caudata,Plethodontidae,2611,Terrestre,2006,,2017-12,http://www.snib.mx/snibgeoportal/Ejemplar.php?id=1fbccfb360f8f2cf7753445d8801184e,1fbccfb360f8f2cf7753445d8801184e,No,NoDisponible,,,,,
80,Chiropterotriton chondrostega,180127,-98.6374999,20.6774999,,False,5,38.38,Amphibia,Caudata,Plethodontidae,1586,Terrestre,1979,,2017-12,http://www.snib.mx/snibgeoportal/Ejemplar.php?id=204710b7f72f255d62bbae4018086beb,204710b7f72f255d62bbae4018086beb,No,NoDisponible,,,,,
100,Chiropterotriton chondrostega,180124,-98.6583333,20.6583333,,False,5,34.54,Amphibia,Caudata,Plethodontidae,2015,Terrestre,9999,,2017-12,http://www.snib.mx/snibgeoportal/Ejemplar.php?id=208d367c2eb149181ce655b40cf34fc2,208d367c2eb149181ce655b40cf34fc2,No,NoDisponible,,,,,
137,Chiropterotriton chondrostega,180124,-98.6666699,20.65,,False,5,34.54,Amphibia,Caudata,Plethodontidae,2092,Terrestre,1938,,2017-12,http://www.snib.mx/snibgeoportal/Ejemplar.php?id=225bfd430e54d1c0594c63c675240250,225bfd430e54d1c0594c63c675240250,No,NoDisponible,,,,,
101,Chiropterotriton chondrostega,180124,-98.6583333,20.6583333,,False,5,34.54,Amphibia,Caudata,Plethodontidae,2015,Terrestre,9999,,2017-12,http://www.snib.mx/snibgeoportal/Ejemplar.php?id=22a24ae9e2d924f174380bbe94468ff8,22a24ae9e2d924f174380bbe94468ff8,No,NoDisponible,,,,,
238,Chiropterotriton chondrostega,180135,-98.475,20.425,,False,4,33.09,Amphibia,Caudata,Plethodontidae,2571,Terrestre,1952,,2017-12,http://www.snib.mx/snibgeoportal/Ejemplar.php?id=23189a91277a3030d5974e4282c343e1,23189a91277a3030d5974e4282c343e1,No,NoDisponible,,,,,
61,Chiropterotriton chondrostega,180127,-98.6583333,20.725,,False,5,38.38,Amphibia,Caudata,Plethodontidae,1624,Terrestre,9999,,2017-12,http://www.snib.mx/snibgeoportal/Ejemplar.php?id=23623fefa2cc9905e1d83c8fe7a5147e,23623fefa2cc9905e1d83c8fe7a5147e,No,NoDisponible,,,,,
81,Chiropterotriton chondrostega,180127,-98.6374999,20.6774999,,False,5,38.38,Amphibia,Caudata,Plethodontidae,1586,Terrestre,1979,,2017-12,http://www.snib.mx/snibgeoportal/Ejemplar.php?id=23d063d2883a7291f1efb8466b9ce10f,23d063d2883a7291f1efb8466b9ce10f,No,NoDisponible,,,,,
138,Chiropterotriton chondrostega,180124,-98.6666699,20.65,,False,5,34.54,Amphibia,Caudata,Plethodontidae,2092,Terrestre,1938,,2017-12,http://www.snib.mx/snibgeoportal/Ejemplar.php?id=24945a5111c22feef2436045de282dd3,24945a5111c22feef2436045de282dd3,No,NoDisponible,,,,,
241,Chiropterotriton chondrostega,175522,-99.1720833,23.0477944,,False,2,7.5,Amphibia,Caudata,Plethodontidae,682,Terrestre,9999,,2017-12,http://www.snib.mx/snibgeoportal/Ejemplar.php?id=25546fa42a84848001042b2b95c07256,25546fa42a84848001042b2b95c07256,No,NoDisponible,,,,,
122,Chiropterotriton chondrostega,180124,-98.6291666,20.6272222,,False,5,34.54,Amphibia,Caudata,Plethodontidae,1963,Terrestre,1972,,2017-12,http://www.snib.mx/snibgeoportal/Ejemplar.php?id=266126568d19db21df2df8237bdba408,266126568d19db21df2df8237bdba408,No,NoDisponible,,,,,
102,Chiropterotriton chondrostega,180124,-98.6583333,20.6583333,,False,5,34.54,Amphibia,Caudata,Plethodontidae,2015,Terrestre,9999,,2017-12,http://www.snib.mx/snibgeoportal/Ejemplar.php?id=26d2b4cee5fabed81ac4e4572873a89b,26d2b4cee5fabed81ac4e4572873a89b,No,NoDisponible,,,,,
134,Chiropterotriton chondrostega,180124,-98.65,20.65,,False,5,34.54,Amphibia,Caudata,Plethodontidae,1969,Terrestre,9999,,2017-12,http://www.snib.mx/snibgeoportal/Ejemplar.php?id=26f2313dd794a6617d11bfda21365250,26f2313dd794a6617d11bfda21365250,No,NoDisponible,,,,,
16,Chiropterotriton chondrostega,175500,-99.1902778,23.0361111,,False,4,25.42,Amphibia,Caudata,Plethodontidae,875,Terrestre,1965,,2017-12,http://www.snib.mx/snibgeoportal/Ejemplar.php?id=2a1db916913976364262c04306aa2c80,2a1db916913976364262c04306aa2c80,No,NoDisponible,,,,,
17,Chiropterotriton chondrostega,175500,-99.1902778,23.0361111,,False,4,25.42,Amphibia,Caudata,Plethodontidae,875,Terrestre,1949,,2017-12,http://www.snib.mx/snibgeoportal/Ejemplar.php?id=2a56cb4f570f5ec2acd86e2906f10492,2a56cb4f570f5ec2acd86e2906f10492,No,NoDisponible,,,,,
300,Chiropterotriton chondrostega,175254,-99.4444444,21.2858333,,False,4,30.04,Amphibia,Caudata,Plethodontidae,1441,Terrestre,9999,,2017-12,http://www.snib.mx/snibgeoportal/Ejemplar.php?id=2ab61fd18f31faaffbf031ead62a1aa7,2ab61fd18f31faaffbf031ead62a1aa7,Si,NoDisponible,Si,Si,Si,,
82,Chiropterotriton chondrostega,180127,-98.6374999,20.6774999,,False,5,38.38,Amphibia,Caudata,Plethodontidae,1586,Terrestre,1979,,2017-12,http://www.snib.mx/snibgeoportal/Ejemplar.php?id=2c69e1269f6fb9438e773a267838dffe,2c69e1269f6fb9438e773a267838dffe,No,NoDisponible,,,,,
298,Chiropterotriton chondrostega,170413,-99.5719444,20.9411111,,False,4,29.31,Amphibia,Caudata,Plethodontidae,2075,Terrestre,9999,,2017-12,http://www.snib.mx/snibgeoportal/Ejemplar.php?id=2d74a97ccb18fa1725475fbf0ca8b3c2,2d74a97ccb18fa1725475fbf0ca8b3c2,No,NoDisponible,,,,,
161,Chiropterotriton chondrostega,175244,-99.2299999,20.8899999,,False,5,39.53,Amphibia,Caudata,Plethodontidae,2201,Terrestre,1938,,2017-12,http://www.snib.mx/snibgeoportal/Ejemplar.php?id=2d91d20ec3d745a4cd3d318fd4980c56,2d91d20ec3d745a4cd3d318fd4980c56,No,NoDisponible,,,,,
103,Chiropterotriton chondrostega,180124,-98.6583333,20.6583333,,False,5,34.54,Amphibia,Caudata,Plethodontidae,2015,Terrestre,9999,,2017-12,http://www.snib.mx/snibgeoportal/Ejemplar.php?id=2e21888c2e6b71b693d29dd2923ef1db,2e21888c2e6b71b693d29dd2923ef1db,No,NoDisponible,,,,,
236,Chiropterotriton chondrostega,180128,-98.6416667,20.7416667,,False,5,36.28,Amphibia,Caudata,Plethodontidae,1328,Terrestre,9999,,2017-12,http://www.snib.mx/snibgeoportal/Ejemplar.php?id=2ed9497cdd28f72d7133f3ece2830bb1,2ed9497cdd28f72d7133f3ece2830bb1,No,NoDisponible,,,,,
83,Chiropterotriton chondrostega,180127,-98.6374999,20.6774999,,False,5,38.38,Amphibia,Caudata,Plethodontidae,1586,Terrestre,1979,,2017-12,http://www.snib.mx/snibgeoportal/Ejemplar.php?id=3068cd09d19b23006d42a18719de90f9,3068cd09d19b23006d42a18719de90f9,No,NoDisponible,,,,,
2,Chiropterotriton chondrostega,175500,-99.175,23.0583333,,False,4,25.42,Amphibia,Caudata,Plethodontidae,732,Terrestre,9999,,2017-12,http://www.snib.mx/snibgeoportal/Ejemplar.php?id=307f42df4feba9eb19c90d1691783f15,307f42df4feba9eb19c90d1691783f15,Si,NoDisponible,Si,Si,Si,,
62,Chiropterotriton chondrostega,180127,-98.6583333,20.725,,False,5,38.38,Amphibia,Caudata,Plethodontidae,1624,Terrestre,9999,,2017-12,http://www.snib.mx/snibgeoportal/Ejemplar.php?id=31dfbcf0d19d6cef474a6147b532aa9c,31dfbcf0d19d6cef474a6147b532aa9c,No,NoDisponible,,,,,
139,Chiropterotriton chondrostega,180124,-98.6666699,20.65,,False,5,34.54,Amphibia,Caudata,Plethodontidae,2092,Terrestre,1940,,2017-12,http://www.snib.mx/snibgeoportal/Ejemplar.php?id=325e387231cff30ab45beb6324b46264,325e387231cff30ab45beb6324b46264,No,NoDisponible,,,,,
18,Chiropterotriton chondrostega,175500,-99.1902778,23.0361111,,False,4,25.42,Amphibia,Caudata,Plethodontidae,875,Terrestre,1950,,2017-12,http://www.snib.mx/snibgeoportal/Ejemplar.php?id=32e71cadfd035af4f50c4f3df5e7aeeb,32e71cadfd035af4f50c4f3df5e7aeeb,No,NoDisponible,,,,,
104,Chiropterotriton chondrostega,180124,-98.6583333,20.6583333,,False,5,34.54,Amphibia,Caudata,Plethodontidae,2015,Terrestre,9999,,2017-12,http://www.snib.mx/snibgeoportal/Ejemplar.php?id=32f392d0570dfeefb41ec0bc799b64b1,32f392d0570dfeefb41ec0bc799b64b1,No,NoDisponible,,,,,
290,Chiropterotriton chondrostega,175263,-99.1911111,21.2213889,,False,4,29.04,Amphibia,Caudata,Plethodontidae,1599,Terrestre,1981,,2017-12,http://www.snib.mx/snibgeoportal/Ejemplar.php?id=33417d6b679847113575060b5be92159,33417d6b679847113575060b5be92159,No,NoDisponible,,,,,
318,Chiropterotriton chondrostega,175211,-98.9,20.2666666,,False,2,7.23,Amphibia,Caudata,Plethodontidae,2059,Terrestre,1938,,2017-12,http://www.snib.mx/snibgeoportal/Ejemplar.php?id=34aec0330698d891aeb24934bb476c61,34aec0330698d891aeb24934bb476c61,Si,NoDisponible,Si,Si,Si,,
105,Chiropterotriton chondrostega,180124,-98.6583333,20.6583333,,False,5,34.54,Amphibia,Caudata,Plethodontidae,2015,Terrestre,9999,,2017-12,http://www.snib.mx/snibgeoportal/Ejemplar.php?id=351435d1ca84ccfd9861259307c607cd,351435d1ca84ccfd9861259307c607cd,No,NoDisponible,,,,,
274,Chiropterotriton chondrostega,175192,-99.3823056,20.7920833,,False,4,25.96,Amphibia,Caudata,Plethodontidae,2627,Terrestre,2006,,2017-12,http://www.snib.mx/snibgeoportal/Ejemplar.php?id=35a7f1a8a1249c5cd45d45b1687b9271,35a7f1a8a1249c5cd45d45b1687b9271,No,NoDisponible,,,,,
199,Chiropterotriton chondrostega,175286,-99.1586111,21.2916667,,False,5,36.45,Amphibia,Caudata,Plethodontidae,2013,Terrestre,1969,,2017-12,http://www.snib.mx/snibgeoportal/Ejemplar.php?id=38b1f8ce5984fddb144acd6e813ce579,38b1f8ce5984fddb144acd6e813ce579,No,NoDisponible,,,,,
142,Chiropterotriton chondrostega,180124,-98.6199999,20.6,,False,5,34.54,Amphibia,Caudata,Plethodontidae,2007,Terrestre,1940,,2017-12,http://www.snib.mx/snibgeoportal/Ejemplar.php?id=39cd5e45cd019c8c2215fc27e0d1f7c9,39cd5e45cd019c8c2215fc27e0d1f7c9,No,NoDisponible,,,,,
3,Chiropterotriton chondrostega,175500,-99.175,23.0583333,,False,4,25.42,Amphibia,Caudata,Plethodontidae,732,Terrestre,9999,,2017-12,http://www.snib.mx/snibgeoportal/Ejemplar.php?id=3c86275314f18df162348956867a1cf2,3c86275314f18df162348956867a1cf2,Si,NoDisponible,Si,Si,Si,,
158,Chiropterotriton chondrostega,175244,-99.2333299,20.9,,False,5,39.53,Amphibia,Caudata,Plethodontidae,2085,Terrestre,1938,,2017-12,http://www.snib.mx/snibgeoportal/Ejemplar.php?id=3cbeef6bee1c6976cdca639c459ab441,3cbeef6bee1c6976cdca639c459ab441,No,NoDisponible,,,,,
233,Chiropterotriton chondrostega,175286,-99.1277778,21.2916667,,False,5,36.45,Amphibia,Caudata,Plethodontidae,1630,Terrestre,9999,,2017-12,http://www.snib.mx/snibgeoportal/Ejemplar.php?id=3ce30f4cd2ba5eecd94bfc1763098a42,3ce30f4cd2ba5eecd94bfc1763098a42,No,NoDisponible,,,,,
19,Chiropterotriton chondrostega,175500,-99.1902778,23.0361111,,False,4,25.42,Amphibia,Caudata,Plethodontidae,875,Terrestre,1950,,2017-12,http://www.snib.mx/snibgeoportal/Ejemplar.php?id=3e2ffd40d5f60b349e4917bf943b540d,3e2ffd40d5f60b349e4917bf943b540d,No,NoDisponible,,,,,
191,Chiropterotriton chondrostega,175286,-99.1544316,21.273974,,False,5,36.45,Amphibia,Caudata,Plethodontidae,1674,Terrestre,1972,,2017-12,http://www.snib.mx/snibgeoportal/Ejemplar.php?id=3e85065d18a45a7e9c156ad027df1f52,3e85065d18a45a7e9c156ad027df1f52,No,NoDisponible,,,,,
49,Chiropterotriton chondrostega,175503,-99.2188888,23.1080555,,False,5,39.03,Amphibia,Caudata,Plethodontidae,1658,Terrestre,1979,,2017-12,http://www.snib.mx/snibgeoportal/Ejemplar.php?id=3ebd5d3ba8050ec955aad5c6f5ecd939,3ebd5d3ba8050ec955aad5c6f5ecd939,No,NoDisponible,,,,,
245,Chiropterotriton chondrostega,175285,-99.1501105,21.2666667,,False,5,37.54,Amphibia,Caudata,Plethodontidae,1899,Terrestre,9999,,2017-12,http://www.snib.mx/snibgeoportal/Ejemplar.php?id=3f25a7e045219c77f10a41e68679ea82,3f25a7e045219c77f10a41e68679ea82,No,NoDisponible,,,,,
20,Chiropterotriton chondrostega,175500,-99.1902778,23.0361111,,False,4,25.42,Amphibia,Caudata,Plethodontidae,875,Terrestre,1949,,2017-12,http://www.snib.mx/snibgeoportal/Ejemplar.php?id=3f562b894840e15e6f2beb2e6bbb2315,3f562b894840e15e6f2beb2e6bbb2315,No,NoDisponible,,,,,
84,Chiropterotriton chondrostega,180127,-98.6374999,20.6774999,,False,5,38.38,Amphibia,Caudata,Plethodontidae,1586,Terrestre,1979,,2017-12,http://www.snib.mx/snibgeoportal/Ejemplar.php?id=3fcf0c0472ea2f5a6dc9e3932bae72f0,3fcf0c0472ea2f5a6dc9e3932bae72f0,No,NoDisponible,,,,,
37,Chiropterotriton chondrostega,175503,-99.1916666,23.0822222,,False,5,39.03,Amphibia,Caudata,Plethodontidae,1092,Terrestre,1979,,2017-12,http://www.snib.mx/snibgeoportal/Ejemplar.php?id=40c8dfb9e7ab911d93ebc4720dbf4d30,40c8dfb9e7ab911d93ebc4720dbf4d30,No,NoDisponible,,,,,
143,Chiropterotriton chondrostega,180124,-98.6199999,20.6,,False,5,34.54,Amphibia,Caudata,Plethodontidae,2007,Terrestre,1940,,2017-12,http://www.snib.mx/snibgeoportal/Ejemplar.php?id=40f00e59a122581dcdb43c25a17f56d8,40f00e59a122581dcdb43c25a17f56d8,No,NoDisponible,,,,,
195,Chiropterotriton chondrostega,175286,-99.1155556,21.2913889,,False,5,36.45,Amphibia,Caudata,Plethodontidae,1538,Terrestre,9999,,2017-12,http://www.snib.mx/snibgeoportal/Ejemplar.php?id=411580f240b54e0e0757b8641e728960,411580f240b54e0e0757b8641e728960,No,NoDisponible,,,,,
85,Chiropterotriton chondrostega,180127,-98.6374999,20.6774999,,False,5,38.38,Amphibia,Caudata,Plethodontidae,1586,Terrestre,1979,,2017-12,http://www.snib.mx/snibgeoportal/Ejemplar.php?id=4115ae0976c47ed1000abf6d32134bc7,4115ae0976c47ed1000abf6d32134bc7,No,NoDisponible,,,,,
123,Chiropterotriton chondrostega,180124,-98.6291666,20.6272222,,False,5,34.54,Amphibia,Caudata,Plethodontidae,1963,Terrestre,1972,,2017-12,http://www.snib.mx/snibgeoportal/Ejemplar.php?id=41d063c998dec17de3330ab40605ddc4,41d063c998dec17de3330ab40605ddc4,No,NoDisponible,,,,,
200,Chiropterotriton chondrostega,175286,-99.1586111,21.2916667,,False,5,36.45,Amphibia,Caudata,Plethodontidae,2013,Terrestre,1969,,2017-12,http://www.snib.mx/snibgeoportal/Ejemplar.php?id=42305aac0d59eb4c83de1b6efe11d046,42305aac0d59eb4c83de1b6efe11d046,No,NoDisponible,,,,,
50,Chiropterotriton chondrostega,175503,-99.2188888,23.1080555,,False,5,39.03,Amphibia,Caudata,Plethodontidae,1658,Terrestre,1979,,2017-12,http://www.snib.mx/snibgeoportal/Ejemplar.php?id=4282b9103d5e3e6a2ec8826de60ba4e0,4282b9103d5e3e6a2ec8826de60ba4e0,No,NoDisponible,,,,,
63,Chiropterotriton chondrostega,180127,-98.6583333,20.725,,False,5,38.38,Amphibia,Caudata,Plethodontidae,1624,Terrestre,9999,,2017-12,http://www.snib.mx/snibgeoportal/Ejemplar.php?id=430215e4fd7205e917e9f133a75654ca,430215e4fd7205e917e9f133a75654ca,No,NoDisponible,,,,,
162,Chiropterotriton chondrostega,175244,-99.2299999,20.8899999,,False,5,39.53,Amphibia,Caudata,Plethodontidae,2201,Terrestre,1938,,2017-12,http://www.snib.mx/snibgeoportal/Ejemplar.php?id=43a56e9b1648d869817a2fbda61a85a1,43a56e9b1648d869817a2fbda61a85a1,No,NoDisponible,,,,,
106,Chiropterotriton chondrostega,180124,-98.6583333,20.6583333,,False,5,34.54,Amphibia,Caudata,Plethodontidae,2015,Terrestre,9999,,2017-12,http://www.snib.mx/snibgeoportal/Ejemplar.php?id=446210fb292be4ea78700be15aa795ff,446210fb292be4ea78700be15aa795ff,No,NoDisponible,,,,,
201,Chiropterotriton chondrostega,175286,-99.1586111,21.2916667,,False,5,36.45,Amphibia,Caudata,Plethodontidae,2013,Terrestre,1970,,2017-12,http://www.snib.mx/snibgeoportal/Ejemplar.php?id=4621faaec4344950f549b9e994f71141,4621faaec4344950f549b9e994f71141,No,NoDisponible,,,,,
163,Chiropterotriton chondrostega,175244,-99.2299999,20.8899999,,False,5,39.53,Amphibia,Caudata,Plethodontidae,2201,Terrestre,1938,,2017-12,http://www.snib.mx/snibgeoportal/Ejemplar.php?id=4833f9a6ec5fc1f11abf39119cf5e1b2,4833f9a6ec5fc1f11abf39119cf5e1b2,No,NoDisponible,,,,,
159,Chiropterotriton chondrostega,175244,-99.2333299,20.9,,False,5,39.53,Amphibia,Caudata,Plethodontidae,2085,Terrestre,1938,,2017-12,http://www.snib.mx/snibgeoportal/Ejemplar.php?id=486f04a762a02c7195d473dfe3725976,486f04a762a02c7195d473dfe3725976,No,NoDisponible,,,,,
44,Chiropterotriton chondrostega,175503,-99.1919444,23.0994444,,False,5,39.03,Amphibia,Caudata,Plethodontidae,1169,Terrestre,1979,,2017-12,http://www.snib.mx/snibgeoportal/Ejemplar.php?id=489ba2a781f1ab7d66f6063f96d9f706,489ba2a781f1ab7d66f6063f96d9f706,No,NoDisponible,,,,,
34,Chiropterotriton chondrostega,184982,-98.2416667,20.2583333,,False,4,29.97,Amphibia,Caudata,Plethodontidae,2184,Terrestre,1982,,2017-12,http://www.snib.mx/snibgeoportal/Ejemplar.php?id=4a1f29aedb486f009de9bd1086205972,4a1f29aedb486f009de9bd1086205972,No,NoDisponible,,,,,
235,Chiropterotriton chondrostega,175286,-99.155,21.2758333,,False,5,36.45,Amphibia,Caudata,Plethodontidae,1637,Terrestre,1981,,2017-12,http://www.snib.mx/snibgeoportal/Ejemplar.php?id=4a4746b56ce0db1e39e17537a1a0923b,4a4746b56ce0db1e39e17537a1a0923b,No,NoDisponible,,,,,
278,Chiropterotriton chondrostega,175525,-99.1636111,23.1102778,,False,2,4.17,Amphibia,Caudata,Plethodontidae,324,Terrestre,1953,,2017-12,http://www.snib.mx/snibgeoportal/Ejemplar.php?id=4a898458928cede6ea64d08058ca1311,4a898458928cede6ea64d08058ca1311,No,NoDisponible,,,,,
91,Chiropterotriton chondrostega,180127,-98.6291694,20.6696194,,False,5,38.38,Amphibia,Caudata,Plethodontidae,1708,Terrestre,9999,,2017-12,http://www.snib.mx/snibgeoportal/Ejemplar.php?id=4b1d5909cb8ad8032254e2e1d47c4e7c,4b1d5909cb8ad8032254e2e1d47c4e7c,No,NoDisponible,,,,,
202,Chiropterotriton chondrostega,175286,-99.1586111,21.2916667,,False,5,36.45,Amphibia,Caudata,Plethodontidae,2013,Terrestre,1969,,2017-12,http://www.snib.mx/snibgeoportal/Ejemplar.php?id=4bc5d4541396e96bb568259274d76335,4bc5d4541396e96bb568259274d76335,No,NoDisponible,,,,,
21,Chiropterotriton chondrostega,175500,-99.1902778,23.0361111,,False,4,25.42,Amphibia,Caudata,Plethodontidae,875,Terrestre,1950,,2017-12,http://www.snib.mx/snibgeoportal/Ejemplar.php?id=4c85768cc06232e130453542152057dc,4c85768cc06232e130453542152057dc,No,NoDisponible,,,,,
203,Chiropterotriton chondrostega,175286,-99.1586111,21.2916667,,False,5,36.45,Amphibia,Caudata,Plethodontidae,2013,Terrestre,1969,,2017-12,http://www.snib.mx/snibgeoportal/Ejemplar.php?id=4daa5975fe38120d287781b15ccae485,4daa5975fe38120d287781b15ccae485,No,NoDisponible,,,,,
164,Chiropterotriton chondrostega,175244,-99.2299999,20.8899999,,False,5,39.53,Amphibia,Caudata,Plethodontidae,2201,Terrestre,1938,,2017-12,http://www.snib.mx/snibgeoportal/Ejemplar.php?id=4db3a92afa946c8ff9a2d961b89ec47a,4db3a92afa946c8ff9a2d961b89ec47a,No,NoDisponible,,,,,
107,Chiropterotriton chondrostega,180124,-98.6583333,20.6583333,,False,5,34.54,Amphibia,Caudata,Plethodontidae,2015,Terrestre,9999,,2017-12,http://www.snib.mx/snibgeoportal/Ejemplar.php?id=4e17501e599f09168e1f6de71f228e79,4e17501e599f09168e1f6de71f228e79,No,NoDisponible,,,,,
275,Chiropterotriton chondrostega,175192,-99.3823056,20.7920833,,False,4,25.96,Amphibia,Caudata,Plethodontidae,2627,Terrestre,2006,,2017-12,http://www.snib.mx/snibgeoportal/Ejemplar.php?id=4f88a886b0a3580f5817d07a46002d63,4f88a886b0a3580f5817d07a46002d63,No,NoDisponible,,,,,
256,Chiropterotriton chondrostega,175192,-99.3819722,20.7921667,,False,4,25.96,Amphibia,Caudata,Plethodontidae,2628,Terrestre,2006,,2017-12,http://www.snib.mx/snibgeoportal/Ejemplar.php?id=4f9541824626d8cccd84e21731e4a78e,4f9541824626d8cccd84e21731e4a78e,No,NoDisponible,,,,,
321,Chiropterotriton chondrostega,189979,-97.52083,19.9985824,,False,3,16.48,Amphibia,Caudata,Plethodontidae,1131,Terrestre,1976,,2017-12,http://www.snib.mx/snibgeoportal/Ejemplar.php?id=504a96a7035412bc1fde58f9ebd7e1ad,504a96a7035412bc1fde58f9ebd7e1ad,Si,NoDisponible,Si,Si,No,,
267,Chiropterotriton chondrostega,175192,-99.3814722,20.7920556,,False,4,25.96,Amphibia,Caudata,Plethodontidae,2627,Terrestre,2006,,2017-12,http://www.snib.mx/snibgeoportal/Ejemplar.php?id=50d6e30df08fe5957fe3d07fa4be5f55,50d6e30df08fe5957fe3d07fa4be5f55,No,NoDisponible,,,,,
268,Chiropterotriton chondrostega,175192,-99.3814722,20.7920556,,False,4,25.96,Amphibia,Caudata,Plethodontidae,2627,Terrestre,2006,,2017-12,http://www.snib.mx/snibgeoportal/Ejemplar.php?id=5172265fd82feed9319de672466da870,5172265fd82feed9319de672466da870,No,NoDisponible,,,,,
64,Chiropterotriton chondrostega,180127,-98.6583333,20.725,,False,5,38.38,Amphibia,Caudata,Plethodontidae,1624,Terrestre,9999,,2017-12,http://www.snib.mx/snibgeoportal/Ejemplar.php?id=523b6c8591a99ca8c47fd17150dac7e8,523b6c8591a99ca8c47fd17150dac7e8,No,NoDisponible,,,,,
204,Chiropterotriton chondrostega,175286,-99.1586111,21.2916667,,False,5,36.45,Amphibia,Caudata,Plethodontidae,2013,Terrestre,1969,,2017-12,http://www.snib.mx/snibgeoportal/Ejemplar.php?id=52cf7ac2f68a8203a8e2592d80dfeff4,52cf7ac2f68a8203a8e2592d80dfeff4,No,NoDisponible,,,,,
279,Chiropterotriton chondrostega,175525,-99.1636111,23.1102778,,False,2,4.17,Amphibia,Caudata,Plethodontidae,324,Terrestre,1953,,2017-12,http://www.snib.mx/snibgeoportal/Ejemplar.php?id=542f1ab9352e8bf2f99a470943e44b7a,542f1ab9352e8bf2f99a470943e44b7a,No,NoDisponible,,,,,
205,Chiropterotriton chondrostega,175286,-99.1586111,21.2916667,,False,5,36.45,Amphibia,Caudata,Plethodontidae,2013,Terrestre,1969,,2017-12,http://www.snib.mx/snibgeoportal/Ejemplar.php?id=55bdba6170604febb75e7ba190176e1a,55bdba6170604febb75e7ba190176e1a,No,NoDisponible,,,,,
65,Chiropterotriton chondrostega,180127,-98.6583333,20.725,,False,5,38.38,Amphibia,Caudata,Plethodontidae,1624,Terrestre,9999,,2017-12,http://www.snib.mx/snibgeoportal/Ejemplar.php?id=562ef728ad5f277a3298e518a2381015,562ef728ad5f277a3298e518a2381015,No,NoDisponible,,,,,
206,Chiropterotriton chondrostega,175286,-99.1586111,21.2916667,,False,5,36.45,Amphibia,Caudata,Plethodontidae,2013,Terrestre,9999,,2017-12,http://www.snib.mx/snibgeoportal/Ejemplar.php?id=56b8ebbdcebc1f08e3a6bbd53ffd62b3,56b8ebbdcebc1f08e3a6bbd53ffd62b3,No,NoDisponible,,,,,
310,Chiropterotriton chondrostega,189988,-97.3666699,19.8166699,,False,4,33.44,Amphibia,Caudata,Plethodontidae,1940,Terrestre,1972,,2017-12,http://www.snib.mx/snibgeoportal/Ejemplar.php?id=589ab6f52a1f7b5562513d188d0faef1,589ab6f52a1f7b5562513d188d0faef1,No,NoDisponible,,,,,
38,Chiropterotriton chondrostega,175503,-99.1916666,23.0822222,,False,5,39.03,Amphibia,Caudata,Plethodontidae,1092,Terrestre,1979,,2017-12,http://www.snib.mx/snibgeoportal/Ejemplar.php?id=590a151a094a9971fa3f9fe7892e4946,590a151a094a9971fa3f9fe7892e4946,No,NoDisponible,,,,,
280,Chiropterotriton chondrostega,175525,-99.1636111,23.1102778,,False,2,4.17,Amphibia,Caudata,Plethodontidae,324,Terrestre,1953,,2017-12,http://www.snib.mx/snibgeoportal/Ejemplar.php?id=59252e303737e72255f6e47c126dd0b9,59252e303737e72255f6e47c126dd0b9,No,NoDisponible,,,,,
281,Chiropterotriton chondrostega,175525,-99.1636111,23.1102778,,False,2,4.17,Amphibia,Caudata,Plethodontidae,324,Terrestre,1950,,2017-12,http://www.snib.mx/snibgeoportal/Ejemplar.php?id=598afa4dcdfe7897288c901d37d9fd10,598afa4dcdfe7897288c901d37d9fd10,No,NoDisponible,,,,,
257,Chiropterotriton chondrostega,175192,-99.3819722,20.7921667,,False,4,25.96,Amphibia,Caudata,Plethodontidae,2628,Terrestre,2006,,2017-12,http://www.snib.mx/snibgeoportal/Ejemplar.php?id=59fa19abd8fa98a8946dd8e9b1ff43e2,59fa19abd8fa98a8946dd8e9b1ff43e2,No,NoDisponible,,,,,
66,Chiropterotriton chondrostega,180127,-98.6583333,20.725,,False,5,38.38,Amphibia,Caudata,Plethodontidae,1624,Terrestre,9999,,2017-12,http://www.snib.mx/snibgeoportal/Ejemplar.php?id=5a9bcea9494dd1fc502982fb67bbf773,5a9bcea9494dd1fc502982fb67bbf773,No,NoDisponible,,,,,
0,Chiropterotriton chondrostega,132485,-104.5916667,24.1583333,,True,0,-31.95,Amphibia,Caudata,Plethodontidae,1860,Terrestre,1938,SI,2017-12,http://www.snib.mx/snibgeoportal/Ejemplar.php?id=5ceb52326074bfc870e27cde73ca9dbf,5ceb52326074bfc870e27cde73ca9dbf,Si,NoDisponible,No,,No,,
276,Chiropterotriton chondrostega,175192,-99.3823056,20.7920833,,False,4,25.96,Amphibia,Caudata,Plethodontidae,2627,Terrestre,2006,,2017-12,http://www.snib.mx/snibgeoportal/Ejemplar.php?id=5d4a918d23be6746a11efa2e15115095,5d4a918d23be6746a11efa2e15115095,No,NoDisponible,,,,,
237,Chiropterotriton chondrostega,180128,-98.6416667,20.7416667,,False,5,36.28,Amphibia,Caudata,Plethodontidae,1328,Terrestre,9999,,2017-12,http://www.snib.mx/snibgeoportal/Ejemplar.php?id=5eaa89d75e2392c15d02d62f91debce9,5eaa89d75e2392c15d02d62f91debce9,No,NoDisponible,,,,,
108,Chiropterotriton chondrostega,180124,-98.6583333,20.6583333,,False,5,34.54,Amphibia,Caudata,Plethodontidae,2015,Terrestre,9999,,2017-12,http://www.snib.mx/snibgeoportal/Ejemplar.php?id=5f34f90ae30fd60e2b4d79d3bf06b1ee,5f34f90ae30fd60e2b4d79d3bf06b1ee,No,NoDisponible,,,,,
22,Chiropterotriton chondrostega,175500,-99.1902778,23.0361111,,False,4,25.42,Amphibia,Caudata,Plethodontidae,875,Terrestre,1949,,2017-12,http://www.snib.mx/snibgeoportal/Ejemplar.php?id=5fd742e82d6c3fbb1fdb13ba64b7e77f,5fd742e82d6c3fbb1fdb13ba64b7e77f,No,NoDisponible,,,,,
144,Chiropterotriton chondrostega,180124,-98.6199999,20.6,,False,5,34.54,Amphibia,Caudata,Plethodontidae,2007,Terrestre,9999,,2017-12,http://www.snib.mx/snibgeoportal/Ejemplar.php?id=5ff472507970ea2dc0c21bc489d1a5e6,5ff472507970ea2dc0c21bc489d1a5e6,No,NoDisponible,,,,,
145,Chiropterotriton chondrostega,180124,-98.6199999,20.6,,False,5,34.54,Amphibia,Caudata,Plethodontidae,2007,Terrestre,1940,,2017-12,http://www.snib.mx/snibgeoportal/Ejemplar.php?id=606a390113a4adf4153936480d227cea,606a390113a4adf4153936480d227cea,No,NoDisponible,,,,,
239,Chiropterotriton chondrostega,180135,-98.475,20.425,,False,4,33.09,Amphibia,Caudata,Plethodontidae,2571,Terrestre,9999,,2017-12,http://www.snib.mx/snibgeoportal/Ejemplar.php?id=61231b7ac2ff43ef652aabd62d969501,61231b7ac2ff43ef652aabd62d969501,No,NoDisponible,,,,,
269,Chiropterotriton chondrostega,175192,-99.3814722,20.7920556,,False,4,25.96,Amphibia,Caudata,Plethodontidae,2627,Terrestre,2006,,2017-12,http://www.snib.mx/snibgeoportal/Ejemplar.php?id=618c5b21f3e539d6f7b306abc2a8a110,618c5b21f3e539d6f7b306abc2a8a110,No,NoDisponible,,,,,
45,Chiropterotriton chondrostega,175503,-99.1919444,23.0994444,,False,5,39.03,Amphibia,Caudata,Plethodontidae,1169,Terrestre,1979,,2017-12,http://www.snib.mx/snibgeoportal/Ejemplar.php?id=620f891233bf203d932ff7279b0ea0ca,620f891233bf203d932ff7279b0ea0ca,No,NoDisponible,,,,,
307,Chiropterotriton chondrostega,175288,-99.0744444,21.27,,False,5,40.5,Amphibia,Caudata,Plethodontidae,1068,Terrestre,1997,,2017-12,http://www.snib.mx/snibgeoportal/Ejemplar.php?id=6280c0a5ccb068133a7dd0524e49dbe6,6280c0a5ccb068133a7dd0524e49dbe6,No,NoDisponible,,,,,
207,Chiropterotriton chondrostega,175286,-99.1586111,21.2916667,,False,5,36.45,Amphibia,Caudata,Plethodontidae,2013,Terrestre,1970,,2017-12,http://www.snib.mx/snibgeoportal/Ejemplar.php?id=630b35b0cdd441d1142aa891c7364636,630b35b0cdd441d1142aa891c7364636,No,NoDisponible,,,,,
165,Chiropterotriton chondrostega,175244,-99.2299999,20.8899999,,False,5,39.53,Amphibia,Caudata,Plethodontidae,2201,Terrestre,1938,,2017-12,http://www.snib.mx/snibgeoportal/Ejemplar.php?id=63605602a41830fdb461f7a535cdc0d1,63605602a41830fdb461f7a535cdc0d1,No,NoDisponible,,,,,
252,Chiropterotriton chondrostega,175192,-99.3810556,20.7924444,,False,4,25.96,Amphibia,Caudata,Plethodontidae,2611,Terrestre,2005,,2017-12,http://www.snib.mx/snibgeoportal/Ejemplar.php?id=63d71dea3bd354fcac4ff9baf6eec7bb,63d71dea3bd354fcac4ff9baf6eec7bb,No,NoDisponible,,,,,
39,Chiropterotriton chondrostega,175503,-99.1916666,23.0822222,,False,5,39.03,Amphibia,Caudata,Plethodontidae,1092,Terrestre,1979,,2017-12,http://www.snib.mx/snibgeoportal/Ejemplar.php?id=64bbb4a4e5a97d17c627d236d1565081,64bbb4a4e5a97d17c627d236d1565081,No,NoDisponible,,,,,
230,Chiropterotriton chondrostega,175286,-99.1238889,21.2722222,,False,5,36.45,Amphibia,Caudata,Plethodontidae,2011,Terrestre,9999,,2017-12,http://www.snib.mx/snibgeoportal/Ejemplar.php?id=66b4d1d33803d7ed482822785f35eec6,66b4d1d33803d7ed482822785f35eec6,No,NoDisponible,,,,,
153,Chiropterotriton chondrostega,175502,-99.3094444,23.1725,,False,4,29.26,Amphibia,Caudata,Plethodontidae,1585,Terrestre,1949,,2017-12,http://www.snib.mx/snibgeoportal/Ejemplar.php?id=66bb1052d88914e8dd0ce2087ba1e8df,66bb1052d88914e8dd0ce2087ba1e8df,No,NoDisponible,,,,,
146,Chiropterotriton chondrostega,180124,-98.6199999,20.6,,False,5,34.54,Amphibia,Caudata,Plethodontidae,2007,Terrestre,1940,,2017-12,http://www.snib.mx/snibgeoportal/Ejemplar.php?id=6aa1ec21a0ea354a9b9157b2809f9d35,6aa1ec21a0ea354a9b9157b2809f9d35,No,NoDisponible,,,,,
147,Chiropterotriton chondrostega,180124,-98.6199999,20.6,,False,5,34.54,Amphibia,Caudata,Plethodontidae,2007,Terrestre,1940,,2017-12,http://www.snib.mx/snibgeoportal/Ejemplar.php?id=6ad058ff11484827e76f6f11ebee43c5,6ad058ff11484827e76f6f11ebee43c5,No,NoDisponible,,,,,
188,Chiropterotriton chondrostega,175286,-99.1416667,21.2916667,,False,5,36.45,Amphibia,Caudata,Plethodontidae,1757,Terrestre,9999,,2017-12,http://www.snib.mx/snibgeoportal/Ejemplar.php?id=6af239fdbbd3ce147f003c9530558d11,6af239fdbbd3ce147f003c9530558d11,No,NoDisponible,,,,,
109,Chiropterotriton chondrostega,180124,-98.6583333,20.6583333,,False,5,34.54,Amphibia,Caudata,Plethodontidae,2015,Terrestre,1940,,2017-12,http://www.snib.mx/snibgeoportal/Ejemplar.php?id=6b92b81838ab87cdc13769863e2f0415,6b92b81838ab87cdc13769863e2f0415,No,NoDisponible,,,,,
57,Chiropterotriton chondrostega,180127,-98.6583333,20.675,,False,5,38.38,Amphibia,Caudata,Plethodontidae,2035,Terrestre,1940,,2017-12,http://www.snib.mx/snibgeoportal/Ejemplar.php?id=6c10f3b5315592e1c887a7b7898b6ba4,6c10f3b5315592e1c887a7b7898b6ba4,No,NoDisponible,,,,,
234,Chiropterotriton chondrostega,175286,-99.1277778,21.2916667,,False,5,36.45,Amphibia,Caudata,Plethodontidae,1630,Terrestre,9999,,2017-12,http://www.snib.mx/snibgeoportal/Ejemplar.php?id=6c3985a0fb1e5032b4385c28d035dede,6c3985a0fb1e5032b4385c28d035dede,No,NoDisponible,,,,,
208,Chiropterotriton chondrostega,175286,-99.1586111,21.2916667,,False,5,36.45,Amphibia,Caudata,Plethodontidae,2013,Terrestre,1970,,2017-12,http://www.snib.mx/snibgeoportal/Ejemplar.php?id=6cd00b5cbed281af65a20c899742797e,6cd00b5cbed281af65a20c899742797e,No,NoDisponible,,,,,
270,Chiropterotriton chondrostega,175192,-99.3814722,20.7920556,,False,4,25.96,Amphibia,Caudata,Plethodontidae,2627,Terrestre,2006,,2017-12,http://www.snib.mx/snibgeoportal/Ejemplar.php?id=6cfffd9920cfda74e10421c8f18157db,6cfffd9920cfda74e10421c8f18157db,No,NoDisponible,,,,,
286,Chiropterotriton chondrostega,175577,-99.3061111,23.7905556,,False,4,25.36,Amphibia,Caudata,Plethodontidae,775,Terrestre,1980,,2017-12,http://www.snib.mx/snibgeoportal/Ejemplar.php?id=6d13d4722eada70429bdca54bae803a7,6d13d4722eada70429bdca54bae803a7,Si,NoDisponible,Si,Si,Si,,
271,Chiropterotriton chondrostega,175192,-99.3814722,20.7920556,,False,4,25.96,Amphibia,Caudata,Plethodontidae,2627,Terrestre,2006,,2017-12,http://www.snib.mx/snibgeoportal/Ejemplar.php?id=6d85b406177012abfa16076c5e48694c,6d85b406177012abfa16076c5e48694c,No,NoDisponible,,,,,
124,Chiropterotriton chondrostega,180124,-98.6291666,20.6272222,,False,5,34.54,Amphibia,Caudata,Plethodontidae,1963,Terrestre,1972,,2017-12,http://www.snib.mx/snibgeoportal/Ejemplar.php?id=6f622a6ad84d12b5606265f0eedaa75c,6f622a6ad84d12b5606265f0eedaa75c,No,NoDisponible,,,,,
110,Chiropterotriton chondrostega,180124,-98.6583333,20.6583333,,False,5,34.54,Amphibia,Caudata,Plethodontidae,2015,Terrestre,9999,,2017-12,http://www.snib.mx/snibgeoportal/Ejemplar.php?id=70922bbecc2b78b8b46b9ac6eb8148e4,70922bbecc2b78b8b46b9ac6eb8148e4,No,NoDisponible,,,,,
111,Chiropterotriton chondrostega,180124,-98.6583333,20.6583333,,False,5,34.54,Amphibia,Caudata,Plethodontidae,2015,Terrestre,9999,,2017-12,http://www.snib.mx/snibgeoportal/Ejemplar.php?id=720c56542689ccde6fde4029717e5d70,720c56542689ccde6fde4029717e5d70,No,NoDisponible,,,,,
313,Chiropterotriton chondrostega,194897,-97.15,19.4899999,,False,5,34.06,Amphibia,Caudata,Plethodontidae,4125,Terrestre,1978,,2017-12,http://www.snib.mx/snibgeoportal/Ejemplar.php?id=7282566a4b320f74820e45e62aadd271,7282566a4b320f74820e45e62aadd271,No,NoDisponible,,,,,
192,Chiropterotriton chondrostega,175286,-99.1544316,21.273974,,False,5,36.45,Amphibia,Caudata,Plethodontidae,1674,Terrestre,1972,,2017-12,http://www.snib.mx/snibgeoportal/Ejemplar.php?id=72c6303bdb8c1315b8912364c70a076c,72c6303bdb8c1315b8912364c70a076c,No,NoDisponible,,,,,
36,Chiropterotriton chondrostega,175503,-99.2083333,23.1083333,,False,5,39.03,Amphibia,Caudata,Plethodontidae,1368,Terrestre,9999,,2017-12,http://www.snib.mx/snibgeoportal/Ejemplar.php?id=7303909f81c0aadaf99f5158afb9eee4,7303909f81c0aadaf99f5158afb9eee4,No,NoDisponible,,,,,
183,Chiropterotriton chondrostega,180123,-98.65,20.5833299,,False,5,42.43,Amphibia,Caudata,Plethodontidae,1788,Terrestre,1938,,2017-12,http://www.snib.mx/snibgeoportal/Ejemplar.php?id=7374ba197133cdbdb501b8dc42633446,7374ba197133cdbdb501b8dc42633446,No,NoDisponible,,,,,
293,Chiropterotriton chondrostega,175264,-99.2313889,21.2847222,,False,4,30.53,Amphibia,Caudata,Plethodontidae,1218,Terrestre,1979,,2017-12,http://www.snib.mx/snibgeoportal/Ejemplar.php?id=74ac577934fd52e591a4cf8f785ed809,74ac577934fd52e591a4cf8f785ed809,No,NoDisponible,,,,,
86,Chiropterotriton chondrostega,180127,-98.6374999,20.6774999,,False,5,38.38,Amphibia,Caudata,Plethodontidae,1586,Terrestre,1979,,2017-12,http://www.snib.mx/snibgeoportal/Ejemplar.php?id=75a62a7e81ff4eb18c50b55475d15d7d,75a62a7e81ff4eb18c50b55475d15d7d,No,NoDisponible,,,,,
314,Chiropterotriton chondrostega,194897,-97.15,19.4899999,,False,5,34.06,Amphibia,Caudata,Plethodontidae,4125,Terrestre,1978,,2017-12,http://www.snib.mx/snibgeoportal/Ejemplar.php?id=77070633fb851325f3217c1519f38219,77070633fb851325f3217c1519f38219,No,NoDisponible,,,,,
177,Chiropterotriton chondrostega,180139,-98.35,20.283333,,False,4,33.45,Amphibia,Caudata,Plethodontidae,2182,Terrestre,1946,,2017-12,http://www.snib.mx/snibgeoportal/Ejemplar.php?id=7753c58b0dbc8022ae99a8bffe23e491,7753c58b0dbc8022ae99a8bffe23e491,No,NoDisponible,,,,,
67,Chiropterotriton chondrostega,180127,-98.6583333,20.725,,False,5,38.38,Amphibia,Caudata,Plethodontidae,1624,Terrestre,9999,,2017-12,http://www.snib.mx/snibgeoportal/Ejemplar.php?id=78ab53e72d0d706f3c8112f23d6c99b8,78ab53e72d0d706f3c8112f23d6c99b8,No,NoDisponible,,,,,
1,Chiropterotriton chondrostega,132485,-104.5916667,24.1583333,,True,0,-31.95,Amphibia,Caudata,Plethodontidae,1860,Terrestre,1938,SI,2017-12,http://www.snib.mx/snibgeoportal/Ejemplar.php?id=792d707ac67b1b2a3100ba48d92e4aa9,792d707ac67b1b2a3100ba48d92e4aa9,Si,NoDisponible,No,,No,,
246,Chiropterotriton chondrostega,175285,-99.1501105,21.2666667,,False,5,37.54,Amphibia,Caudata,Plethodontidae,1899,Terrestre,9999,,2017-12,http://www.snib.mx/snibgeoportal/Ejemplar.php?id=7983e6d962470386ab3a4f95ec199ab0,7983e6d962470386ab3a4f95ec199ab0,No,NoDisponible,,,,,
209,Chiropterotriton chondrostega,175286,-99.1586111,21.2916667,,False,5,36.45,Amphibia,Caudata,Plethodontidae,2013,Terrestre,1969,,2017-12,http://www.snib.mx/snibgeoportal/Ejemplar.php?id=79afc56bef67d59e2b92796bfac8628e,79afc56bef67d59e2b92796bfac8628e,No,NoDisponible,,,,,
248,Chiropterotriton chondrostega,175285,-99.1586111,21.2422222,,False,5,37.54,Amphibia,Caudata,Plethodontidae,1798,Terrestre,9999,,2017-12,http://www.snib.mx/snibgeoportal/Ejemplar.php?id=79d2c87f8d363264a49678d4ee42de55,79d2c87f8d363264a49678d4ee42de55,No,NoDisponible,,,,,
68,Chiropterotriton chondrostega,180127,-98.6583333,20.725,,False,5,38.38,Amphibia,Caudata,Plethodontidae,1624,Terrestre,9999,,2017-12,http://www.snib.mx/snibgeoportal/Ejemplar.php?id=79e45b70e5a4cdf5dce94bb3de72fa9e,79e45b70e5a4cdf5dce94bb3de72fa9e,No,NoDisponible,,,,,
166,Chiropterotriton chondrostega,175244,-99.2299999,20.8899999,,False,5,39.53,Amphibia,Caudata,Plethodontidae,2201,Terrestre,1938,,2017-12,http://www.snib.mx/snibgeoportal/Ejemplar.php?id=7bc82150a52db3be15da198ef68c2fc8,7bc82150a52db3be15da198ef68c2fc8,No,NoDisponible,,,,,
249,Chiropterotriton chondrostega,175285,-99.1586111,21.2422222,,False,5,37.54,Amphibia,Caudata,Plethodontidae,1798,Terrestre,9999,,2017-12,http://www.snib.mx/snibgeoportal/Ejemplar.php?id=7cc43e53f821314ac9e25e93eb08ff03,7cc43e53f821314ac9e25e93eb08ff03,No,NoDisponible,,,,,
92,Chiropterotriton chondrostega,180143,-98.3583333,20.4416667,,False,5,37.34,Amphibia,Caudata,Plethodontidae,1796,Terrestre,9999,,2017-12,http://www.snib.mx/snibgeoportal/Ejemplar.php?id=7d3b4967757b9f4a183f68033cf746bb,7d3b4967757b9f4a183f68033cf746bb,No,NoDisponible,,,,,
148,Chiropterotriton chondrostega,180124,-98.6199999,20.6,,False,5,34.54,Amphibia,Caudata,Plethodontidae,2007,Terrestre,1940,,2017-12,http://www.snib.mx/snibgeoportal/Ejemplar.php?id=7e811724968c641b4e0bc11a61653650,7e811724968c641b4e0bc11a61653650,No,NoDisponible,,,,,
210,Chiropterotriton chondrostega,175286,-99.1586111,21.2916667,,False,5,36.45,Amphibia,Caudata,Plethodontidae,2013,Terrestre,9999,,2017-12,http://www.snib.mx/snibgeoportal/Ejemplar.php?id=7f47a684468123b48416ae529ffe7c31,7f47a684468123b48416ae529ffe7c31,No,NoDisponible,,,,,
135,Chiropterotriton chondrostega,180124,-98.65,20.65,,False,5,34.54,Amphibia,Caudata,Plethodontidae,1969,Terrestre,9999,,2017-12,http://www.snib.mx/snibgeoportal/Ejemplar.php?id=7fdac69fd7a0aec7453d7f0686038c97,7fdac69fd7a0aec7453d7f0686038c97,No,NoDisponible,,,,,
112,Chiropterotriton chondrostega,180124,-98.6583333,20.6583333,,False,5,34.54,Amphibia,Caudata,Plethodontidae,2015,Terrestre,9999,,2017-12,http://www.snib.mx/snibgeoportal/Ejemplar.php?id=8112d95af4fd3596eeca4024246e1a19,8112d95af4fd3596eeca4024246e1a19,No,NoDisponible,,,,,
35,Chiropterotriton chondrostega,175503,-99.2083333,23.1083333,,False,5,39.03,Amphibia,Caudata,Plethodontidae,1368,Terrestre,9999,,2017-12,http://www.snib.mx/snibgeoportal/Ejemplar.php?id=84488ee9112081ff1a880978716321f6,84488ee9112081ff1a880978716321f6,No,NoDisponible,,,,,
94,Chiropterotriton chondrostega,180143,-98.3399999,20.41,,False,5,37.34,Amphibia,Caudata,Plethodontidae,1199,Terrestre,1952,,2017-12,http://www.snib.mx/snibgeoportal/Ejemplar.php?id=85b47a78d60f38db60ca7d6d879f1649,85b47a78d60f38db60ca7d6d879f1649,No,NoDisponible,,,,,
40,Chiropterotriton chondrostega,175503,-99.1916666,23.0822222,,False,5,39.03,Amphibia,Caudata,Plethodontidae,1092,Terrestre,1979,,2017-12,http://www.snib.mx/snibgeoportal/Ejemplar.php?id=86e15895718ab0a35c8d721ee4c5ec74,86e15895718ab0a35c8d721ee4c5ec74,No,NoDisponible,,,,,
243,Chiropterotriton chondrostega,175285,-99.1619444,21.2655555,,False,5,37.54,Amphibia,Caudata,Plethodontidae,1732,Terrestre,1981,,2017-12,http://www.snib.mx/snibgeoportal/Ejemplar.php?id=86e67cb88dd2590cbbc06c694866e773,86e67cb88dd2590cbbc06c694866e773,No,NoDisponible,,,,,
247,Chiropterotriton chondrostega,175285,-99.1501105,21.2666667,,False,5,37.54,Amphibia,Caudata,Plethodontidae,1899,Terrestre,9999,,2017-12,http://www.snib.mx/snibgeoportal/Ejemplar.php?id=87367b8380c4afb48a823015a5c485cd,87367b8380c4afb48a823015a5c485cd,No,NoDisponible,,,,,
178,Chiropterotriton chondrostega,180123,-98.6583333,20.5916667,,False,5,42.43,Amphibia,Caudata,Plethodontidae,1860,Terrestre,1938,,2017-12,http://www.snib.mx/snibgeoportal/Ejemplar.php?id=878eb7733091dec7d42daefd8e1a7f9e,878eb7733091dec7d42daefd8e1a7f9e,No,NoDisponible,,,,,
23,Chiropterotriton chondrostega,175500,-99.1902778,23.0361111,,False,4,25.42,Amphibia,Caudata,Plethodontidae,875,Terrestre,1950,,2017-12,http://www.snib.mx/snibgeoportal/Ejemplar.php?id=879d1a671cd8dd69747f17fb2765c734,879d1a671cd8dd69747f17fb2765c734,No,NoDisponible,,,,,
136,Chiropterotriton chondrostega,180124,-98.65,20.65,,False,5,34.54,Amphibia,Caudata,Plethodontidae,1969,Terrestre,9999,,2017-12,http://www.snib.mx/snibgeoportal/Ejemplar.php?id=87d8c99cc67c4ba412207f5ccf7ef74b,87d8c99cc67c4ba412207f5ccf7ef74b,No,NoDisponible,,,,,
51,Chiropterotriton chondrostega,175503,-99.2188888,23.1080555,,False,5,39.03,Amphibia,Caudata,Plethodontidae,1658,Terrestre,1979,,2017-12,http://www.snib.mx/snibgeoportal/Ejemplar.php?id=87dccc56c1a6ec182fa07f8ff172ed5c,87dccc56c1a6ec182fa07f8ff172ed5c,No,NoDisponible,,,,,
211,Chiropterotriton chondrostega,175286,-99.1586111,21.2916667,,False,5,36.45,Amphibia,Caudata,Plethodontidae,2013,Terrestre,1970,,2017-12,http://www.snib.mx/snibgeoportal/Ejemplar.php?id=883fdea538ebd55c4c50e8ff670e3919,883fdea538ebd55c4c50e8ff670e3919,No,NoDisponible,,,,,
113,Chiropterotriton chondrostega,180124,-98.6583333,20.6583333,,False,5,34.54,Amphibia,Caudata,Plethodontidae,2015,Terrestre,9999,,2017-12,http://www.snib.mx/snibgeoportal/Ejemplar.php?id=8867e28cc3dc1fcd400aef7f0dae4f41,8867e28cc3dc1fcd400aef7f0dae4f41,No,NoDisponible,,,,,
87,Chiropterotriton chondrostega,180127,-98.6374999,20.6774999,,False,5,38.38,Amphibia,Caudata,Plethodontidae,1586,Terrestre,1979,,2017-12,http://www.snib.mx/snibgeoportal/Ejemplar.php?id=8884abe0d101410cf4b05cbf647c1dde,8884abe0d101410cf4b05cbf647c1dde,No,NoDisponible,,,,,
52,Chiropterotriton chondrostega,175503,-99.2188888,23.1080555,,False,5,39.03,Amphibia,Caudata,Plethodontidae,1658,Terrestre,1979,,2017-12,http://www.snib.mx/snibgeoportal/Ejemplar.php?id=889684b0f095571b0f6743f550417222,889684b0f095571b0f6743f550417222,No,NoDisponible,,,,,
309,Chiropterotriton chondrostega,175336,-99.0988922,21.5997219,,False,3,16.93,Amphibia,Caudata,Plethodontidae,834,Terrestre,1974,,2017-12,http://www.snib.mx/snibgeoportal/Ejemplar.php?id=8968a81a7c5e79913c5485811fcf0633,8968a81a7c5e79913c5485811fcf0633,Si,NoDisponible,Si,Si,No,,
212,Chiropterotriton chondrostega,175286,-99.1586111,21.2916667,,False,5,36.45,Amphibia,Caudata,Plethodontidae,2013,Terrestre,1969,,2017-12,http://www.snib.mx/snibgeoportal/Ejemplar.php?id=8bf2da5006c843dfeaf1dff610b2e42c,8bf2da5006c843dfeaf1dff610b2e42c,No,NoDisponible,,,,,
289,Chiropterotriton chondrostega,175498,-99.268111,23.010708,,False,5,39.83,Amphibia,Caudata,Plethodontidae,1354,Terrestre,1971,,2017-12,http://www.snib.mx/snibgeoportal/Ejemplar.php?id=8dae616110d8a5748acb377ec4c340c3,8dae616110d8a5748acb377ec4c340c3,No,NoDisponible,,,,,
240,Chiropterotriton chondrostega,185019,-97.8,20.01,,False,4,27.86,Amphibia,Caudata,Plethodontidae,1565,Terrestre,1985,,2017-12,http://www.snib.mx/snibgeoportal/Ejemplar.php?id=916e3fba1cdece4761427e6c53600d98,916e3fba1cdece4761427e6c53600d98,No,NoDisponible,,,,,
264,Chiropterotriton chondrostega,175192,-99.3805278,20.7922778,,False,4,25.96,Amphibia,Caudata,Plethodontidae,2611,Terrestre,2006,,2017-12,http://www.snib.mx/snibgeoportal/Ejemplar.php?id=91dfd1d4f3c99b217e684c594a5f239e,91dfd1d4f3c99b217e684c594a5f239e,No,NoDisponible,,,,,
184,Chiropterotriton chondrostega,180123,-98.65,20.5833299,,False,5,42.43,Amphibia,Caudata,Plethodontidae,1788,Terrestre,1938,,2017-12,http://www.snib.mx/snibgeoportal/Ejemplar.php?id=92ed41b69665b1398386b8fb2084a701,92ed41b69665b1398386b8fb2084a701,No,NoDisponible,,,,,
213,Chiropterotriton chondrostega,175286,-99.1586111,21.2916667,,False,5,36.45,Amphibia,Caudata,Plethodontidae,2013,Terrestre,1969,,2017-12,http://www.snib.mx/snibgeoportal/Ejemplar.php?id=93ad22d80ea7f6a59c7b3dbae573e024,93ad22d80ea7f6a59c7b3dbae573e024,No,NoDisponible,,,,,
125,Chiropterotriton chondrostega,180124,-98.6291666,20.6272222,,False,5,34.54,Amphibia,Caudata,Plethodontidae,1963,Terrestre,1972,,2017-12,http://www.snib.mx/snibgeoportal/Ejemplar.php?id=952f3ae9f6d76324f5dec05ee650a3c6,952f3ae9f6d76324f5dec05ee650a3c6,No,NoDisponible,,,,,
88,Chiropterotriton chondrostega,180127,-98.6374999,20.6774999,,False,5,38.38,Amphibia,Caudata,Plethodontidae,1586,Terrestre,1979,,2017-12,http://www.snib.mx/snibgeoportal/Ejemplar.php?id=957c3c80e24bce19c969ef5a4c231f7b,957c3c80e24bce19c969ef5a4c231f7b,No,NoDisponible,,,,,
149,Chiropterotriton chondrostega,180124,-98.6199999,20.6,,False,5,34.54,Amphibia,Caudata,Plethodontidae,2007,Terrestre,1940,,2017-12,http://www.snib.mx/snibgeoportal/Ejemplar.php?id=95a233c6cdb02276daafe487422a938a,95a233c6cdb02276daafe487422a938a,No,NoDisponible,,,,,
272,Chiropterotriton chondrostega,175192,-99.3814722,20.7920556,,False,4,25.96,Amphibia,Caudata,Plethodontidae,2627,Terrestre,2006,,2017-12,http://www.snib.mx/snibgeoportal/Ejemplar.php?id=9600ea6c44b1911e4559cf5156af753f,9600ea6c44b1911e4559cf5156af753f,No,NoDisponible,,,,,
89,Chiropterotriton chondrostega,180127,-98.6374999,20.6774999,,False,5,38.38,Amphibia,Caudata,Plethodontidae,1586,Terrestre,1979,,2017-12,http://www.snib.mx/snibgeoportal/Ejemplar.php?id=965ab4c6f78368ebe4d27d4273512b76,965ab4c6f78368ebe4d27d4273512b76,No,NoDisponible,,,,,
131,Chiropterotriton chondrostega,180124,-98.6547222,20.6430555,,False,5,34.54,Amphibia,Caudata,Plethodontidae,1957,Terrestre,1974,,2017-12,http://www.snib.mx/snibgeoportal/Ejemplar.php?id=96a9eec852981822eeabdfc359d833b2,96a9eec852981822eeabdfc359d833b2,No,NoDisponible,,,,,
4,Chiropterotriton chondrostega,175500,-99.175,23.0583333,,False,4,25.42,Amphibia,Caudata,Plethodontidae,732,Terrestre,9999,,2017-12,http://www.snib.mx/snibgeoportal/Ejemplar.php?id=96b3e5ac8da7077b78cd1599c902ce1b,96b3e5ac8da7077b78cd1599c902ce1b,Si,NoDisponible,Si,Si,Si,,
69,Chiropterotriton chondrostega,180127,-98.6583333,20.725,,False,5,38.38,Amphibia,Caudata,Plethodontidae,1624,Terrestre,9999,,2017-12,http://www.snib.mx/snibgeoportal/Ejemplar.php?id=96f9e02a2d205f33b1b35c375381e959,96f9e02a2d205f33b1b35c375381e959,No,NoDisponible,,,,,
315,Chiropterotriton chondrostega,194897,-97.15,19.4899999,,False,5,34.06,Amphibia,Caudata,Plethodontidae,4125,Terrestre,1978,,2017-12,http://www.snib.mx/snibgeoportal/Ejemplar.php?id=985da5e294bdf36ac5cb6391e7823910,985da5e294bdf36ac5cb6391e7823910,No,NoDisponible,,,,,
282,Chiropterotriton chondrostega,175525,-99.1636111,23.1102778,,False,2,4.17,Amphibia,Caudata,Plethodontidae,324,Terrestre,1950,,2017-12,http://www.snib.mx/snibgeoportal/Ejemplar.php?id=98b5adbeabe15774acc81bfa2a4e983e,98b5adbeabe15774acc81bfa2a4e983e,No,NoDisponible,,,,,
277,Chiropterotriton chondrostega,175192,-99.3823056,20.7920833,,False,4,25.96,Amphibia,Caudata,Plethodontidae,2627,Terrestre,2005,,2017-12,http://www.snib.mx/snibgeoportal/Ejemplar.php?id=9989985727123b9c55808fac650ae32e,9989985727123b9c55808fac650ae32e,No,NoDisponible,,,,,
53,Chiropterotriton chondrostega,175503,-99.2188888,23.1080555,,False,5,39.03,Amphibia,Caudata,Plethodontidae,1658,Terrestre,1979,,2017-12,http://www.snib.mx/snibgeoportal/Ejemplar.php?id=99ac1ce0a49cff0b9a56b4595346b3fc,99ac1ce0a49cff0b9a56b4595346b3fc,No,NoDisponible,,,,,
24,Chiropterotriton chondrostega,175500,-99.1902778,23.0361111,,False,4,25.42,Amphibia,Caudata,Plethodontidae,875,Terrestre,1949,,2017-12,http://www.snib.mx/snibgeoportal/Ejemplar.php?id=9a316701e5e99d3d84823a1db193af61,9a316701e5e99d3d84823a1db193af61,No,NoDisponible,,,,,
25,Chiropterotriton chondrostega,175500,-99.1902778,23.0361111,,False,4,25.42,Amphibia,Caudata,Plethodontidae,875,Terrestre,9999,,2017-12,http://www.snib.mx/snibgeoportal/Ejemplar.php?id=9acdab1e9060d65155f8360f2fbe5468,9acdab1e9060d65155f8360f2fbe5468,No,NoDisponible,,,,,
54,Chiropterotriton chondrostega,175503,-99.2188888,23.1080555,,False,5,39.03,Amphibia,Caudata,Plethodontidae,1658,Terrestre,1979,,2017-12,http://www.snib.mx/snibgeoportal/Ejemplar.php?id=9c4efede2c484969dc6cac2e6c074861,9c4efede2c484969dc6cac2e6c074861,No,NoDisponible,,,,,
214,Chiropterotriton chondrostega,175286,-99.1586111,21.2916667,,False,5,36.45,Amphibia,Caudata,Plethodontidae,2013,Terrestre,1970,,2017-12,http://www.snib.mx/snibgeoportal/Ejemplar.php?id=9dab00d0100ba3e0d37fb62fe6c0bbb6,9dab00d0100ba3e0d37fb62fe6c0bbb6,No,NoDisponible,,,,,
26,Chiropterotriton chondrostega,175500,-99.1902778,23.0361111,,False,4,25.42,Amphibia,Caudata,Plethodontidae,875,Terrestre,1950,,2017-12,http://www.snib.mx/snibgeoportal/Ejemplar.php?id=9e869679ef2748080e16cdc8a952cb51,9e869679ef2748080e16cdc8a952cb51,No,NoDisponible,,,,,
70,Chiropterotriton chondrostega,180127,-98.6583333,20.725,,False,5,38.38,Amphibia,Caudata,Plethodontidae,1624,Terrestre,9999,,2017-12,http://www.snib.mx/snibgeoportal/Ejemplar.php?id=a0daa14bdd76ea48fd7abcb31370fd4f,a0daa14bdd76ea48fd7abcb31370fd4f,No,NoDisponible,,,,,
173,Chiropterotriton chondrostega,180139,-98.3583333,20.2916667,,False,4,33.45,Amphibia,Caudata,Plethodontidae,2118,Terrestre,9999,,2017-12,http://www.snib.mx/snibgeoportal/Ejemplar.php?id=a1794d2f12676373685173652a97f1dd,a1794d2f12676373685173652a97f1dd,No,NoDisponible,,,,,
71,Chiropterotriton chondrostega,180127,-98.6583333,20.725,,False,5,38.38,Amphibia,Caudata,Plethodontidae,1624,Terrestre,9999,,2017-12,http://www.snib.mx/snibgeoportal/Ejemplar.php?id=a30fb22b3e081a64f1787ef2f36aa9bb,a30fb22b3e081a64f1787ef2f36aa9bb,No,NoDisponible,,,,,
140,Chiropterotriton chondrostega,180124,-98.6666699,20.65,,False,5,34.54,Amphibia,Caudata,Plethodontidae,2092,Terrestre,1940,,2017-12,http://www.snib.mx/snibgeoportal/Ejemplar.php?id=a4c35dd567587f78176768d5688c21e6,a4c35dd567587f78176768d5688c21e6,No,NoDisponible,,,,,
316,Chiropterotriton chondrostega,194897,-97.15,19.4899999,,False,5,34.06,Amphibia,Caudata,Plethodontidae,4125,Terrestre,1978,,2017-12,http://www.snib.mx/snibgeoportal/Ejemplar.php?id=a50ae7da31abf60a26a7288fe7cfbc58,a50ae7da31abf60a26a7288fe7cfbc58,No,NoDisponible,,,,,
250,Chiropterotriton chondrostega,175285,-99.1586111,21.2422222,,False,5,37.54,Amphibia,Caudata,Plethodontidae,1798,Terrestre,9999,,2017-12,http://www.snib.mx/snibgeoportal/Ejemplar.php?id=a62d50ff82bd7d2b1c651f6b91d7089e,a62d50ff82bd7d2b1c651f6b91d7089e,No,NoDisponible,,,,,
215,Chiropterotriton chondrostega,175286,-99.1586111,21.2916667,,False,5,36.45,Amphibia,Caudata,Plethodontidae,2013,Terrestre,1969,,2017-12,http://www.snib.mx/snibgeoportal/Ejemplar.php?id=a6ab16b1f8b1a9b3dd5676afa1d56c63,a6ab16b1f8b1a9b3dd5676afa1d56c63,No,NoDisponible,,,,,
27,Chiropterotriton chondrostega,175500,-99.1902778,23.0361111,,False,4,25.42,Amphibia,Caudata,Plethodontidae,875,Terrestre,1950,,2017-12,http://www.snib.mx/snibgeoportal/Ejemplar.php?id=a7878eb25ae9c1b5e1ec281c68995a55,a7878eb25ae9c1b5e1ec281c68995a55,No,NoDisponible,,,,,
231,Chiropterotriton chondrostega,175286,-99.1238889,21.2722222,,False,5,36.45,Amphibia,Caudata,Plethodontidae,2011,Terrestre,9999,,2017-12,http://www.snib.mx/snibgeoportal/Ejemplar.php?id=a7c1063268ebf47a34bcbc54c1c613f5,a7c1063268ebf47a34bcbc54c1c613f5,No,NoDisponible,,,,,
5,Chiropterotriton chondrostega,175500,-99.175,23.0583333,,False,4,25.42,Amphibia,Caudata,Plethodontidae,732,Terrestre,9999,,2017-12,http://www.snib.mx/snibgeoportal/Ejemplar.php?id=a81cd388cd6ca570fc80019e61f0ca5d,a81cd388cd6ca570fc80019e61f0ca5d,Si,NoDisponible,Si,Si,Si,,
216,Chiropterotriton chondrostega,175286,-99.1586111,21.2916667,,False,5,36.45,Amphibia,Caudata,Plethodontidae,2013,Terrestre,1969,,2017-12,http://www.snib.mx/snibgeoportal/Ejemplar.php?id=a8b540b4d7755d07d8fac853f01d201d,a8b540b4d7755d07d8fac853f01d201d,No,NoDisponible,,,,,
55,Chiropterotriton chondrostega,175503,-99.1919389,23.0994389,,False,5,39.03,Amphibia,Caudata,Plethodontidae,1169,Terrestre,9999,,2017-12,http://www.snib.mx/snibgeoportal/Ejemplar.php?id=a9686baa4427a011c6c6ed16422c8f92,a9686baa4427a011c6c6ed16422c8f92,No,NoDisponible,,,,,
292,Chiropterotriton chondrostega,175264,-99.1758333,21.2983333,,False,4,30.53,Amphibia,Caudata,Plethodontidae,2038,Terrestre,1996,,2017-12,http://www.snib.mx/snibgeoportal/Ejemplar.php?id=ae9b6366013b307125a98ff9983c5d91,ae9b6366013b307125a98ff9983c5d91,No,NoDisponible,,,,,
95,Chiropterotriton chondrostega,180143,-98.3399999,20.41,,False,5,37.34,Amphibia,Caudata,Plethodontidae,1199,Terrestre,1952,,2017-12,http://www.snib.mx/snibgeoportal/Ejemplar.php?id=aea72b720126cab8350c3bedf715da4a,aea72b720126cab8350c3bedf715da4a,No,NoDisponible,,,,,
303,Chiropterotriton chondrostega,175254,-99.4444444,21.2772222,,False,4,30.04,Amphibia,Caudata,Plethodontidae,1176,Terrestre,9999,,2017-12,http://www.snib.mx/snibgeoportal/Ejemplar.php?id=aeccb3130c146a09b42de7d90752adff,aeccb3130c146a09b42de7d90752adff,Si,NoDisponible,Si,Si,Si,,
72,Chiropterotriton chondrostega,180127,-98.6583333,20.725,,False,5,38.38,Amphibia,Caudata,Plethodontidae,1624,Terrestre,9999,,2017-12,http://www.snib.mx/snibgeoportal/Ejemplar.php?id=b005e978ccc3387bbaa7303ba10febdd,b005e978ccc3387bbaa7303ba10febdd,No,NoDisponible,,,,,
258,Chiropterotriton chondrostega,175192,-99.3819722,20.7921667,,False,4,25.96,Amphibia,Caudata,Plethodontidae,2628,Terrestre,2006,,2017-12,http://www.snib.mx/snibgeoportal/Ejemplar.php?id=b0b49170eb76c2fc98312bf72dd6fc89,b0b49170eb76c2fc98312bf72dd6fc89,No,NoDisponible,,,,,
185,Chiropterotriton chondrostega,180123,-98.65,20.5833299,,False,5,42.43,Amphibia,Caudata,Plethodontidae,1788,Terrestre,1938,,2017-12,http://www.snib.mx/snibgeoportal/Ejemplar.php?id=b155401383fbeac19dfd39bcfe54466a,b155401383fbeac19dfd39bcfe54466a,No,NoDisponible,,,,,
217,Chiropterotriton chondrostega,175286,-99.1586111,21.2916667,,False,5,36.45,Amphibia,Caudata,Plethodontidae,2013,Terrestre,1970,,2017-12,http://www.snib.mx/snibgeoportal/Ejemplar.php?id=b33c9d712a46439100f3230b00ba9254,b33c9d712a46439100f3230b00ba9254,No,NoDisponible,,,,,
126,Chiropterotriton chondrostega,180124,-98.6291666,20.6272222,,False,5,34.54,Amphibia,Caudata,Plethodontidae,1963,Terrestre,1972,,2017-12,http://www.snib.mx/snibgeoportal/Ejemplar.php?id=b5a73ca0c71961b00328f35497b49e2d,b5a73ca0c71961b00328f35497b49e2d,No,NoDisponible,,,,,
218,Chiropterotriton chondrostega,175286,-99.1586111,21.2916667,,False,5,36.45,Amphibia,Caudata,Plethodontidae,2013,Terrestre,1969,,2017-12,http://www.snib.mx/snibgeoportal/Ejemplar.php?id=b5e26e7600758098a83bce06e0d700fe,b5e26e7600758098a83bce06e0d700fe,No,NoDisponible,,,,,
28,Chiropterotriton chondrostega,175500,-99.1902778,23.0361111,,False,4,25.42,Amphibia,Caudata,Plethodontidae,875,Terrestre,1949,,2017-12,http://www.snib.mx/snibgeoportal/Ejemplar.php?id=b644fcdf1584fc0f148427872da540ba,b644fcdf1584fc0f148427872da540ba,No,NoDisponible,,,,,
127,Chiropterotriton chondrostega,180124,-98.6291666,20.6272222,,False,5,34.54,Amphibia,Caudata,Plethodontidae,1963,Terrestre,1972,,2017-12,http://www.snib.mx/snibgeoportal/Ejemplar.php?id=b6f4ceb39fa3c1a2374dec6f191de9f0,b6f4ceb39fa3c1a2374dec6f191de9f0,No,NoDisponible,,,,,
308,Chiropterotriton chondrostega,170410,-99.5436111,20.9119444,,False,3,22.22,Amphibia,Caudata,Plethodontidae,2388,Terrestre,9999,,2017-12,http://www.snib.mx/snibgeoportal/Ejemplar.php?id=b77174fbb57d4cb02d7a19fb103069ba,b77174fbb57d4cb02d7a19fb103069ba,No,NoDisponible,,,,,
114,Chiropterotriton chondrostega,180124,-98.6583333,20.6583333,,False,5,34.54,Amphibia,Caudata,Plethodontidae,2015,Terrestre,9999,,2017-12,http://www.snib.mx/snibgeoportal/Ejemplar.php?id=b8a5a4a73488178de2525057f348aa15,b8a5a4a73488178de2525057f348aa15,No,NoDisponible,,,,,
167,Chiropterotriton chondrostega,175244,-99.2299999,20.8899999,,False,5,39.53,Amphibia,Caudata,Plethodontidae,2201,Terrestre,1938,,2017-12,http://www.snib.mx/snibgeoportal/Ejemplar.php?id=b980643d120919f1a9fcc32558b99fc5,b980643d120919f1a9fcc32558b99fc5,No,NoDisponible,,,,,
8,Chiropterotriton chondrostega,175500,-99.225,23.0416667,,False,4,25.42,Amphibia,Caudata,Plethodontidae,1279,Terrestre,9999,,2017-12,http://www.snib.mx/snibgeoportal/Ejemplar.php?id=b9f5072e6a35088db2c433a0170899ea,b9f5072e6a35088db2c433a0170899ea,No,NoDisponible,,,,,
196,Chiropterotriton chondrostega,175286,-99.12,21.2916667,,False,5,36.45,Amphibia,Caudata,Plethodontidae,1600,Terrestre,9999,,2017-12,http://www.snib.mx/snibgeoportal/Ejemplar.php?id=ba3eb9965d78e1cbb4d87ae17dbdbdf8,ba3eb9965d78e1cbb4d87ae17dbdbdf8,No,NoDisponible,,,,,
219,Chiropterotriton chondrostega,175286,-99.1586111,21.2916667,,False,5,36.45,Amphibia,Caudata,Plethodontidae,2013,Terrestre,1969,,2017-12,http://www.snib.mx/snibgeoportal/Ejemplar.php?id=bbce105162124ff69fc46fda1eb957c8,bbce105162124ff69fc46fda1eb957c8,No,NoDisponible,,,,,
259,Chiropterotriton chondrostega,175192,-99.3819722,20.7921667,,False,4,25.96,Amphibia,Caudata,Plethodontidae,2628,Terrestre,2006,,2017-12,http://www.snib.mx/snibgeoportal/Ejemplar.php?id=bbf10590c29bca4bb58d9423feb3ada1,bbf10590c29bca4bb58d9423feb3ada1,No,NoDisponible,,,,,
291,Chiropterotriton chondrostega,175263,-99.1911111,21.2213889,,False,4,29.04,Amphibia,Caudata,Plethodontidae,1599,Terrestre,1981,,2017-12,http://www.snib.mx/snibgeoportal/Ejemplar.php?id=bbfee6a279b1b1909c6271fb264f13fe,bbfee6a279b1b1909c6271fb264f13fe,No,NoDisponible,,,,,
29,Chiropterotriton chondrostega,175500,-99.1902778,23.0361111,,False,4,25.42,Amphibia,Caudata,Plethodontidae,875,Terrestre,1949,,2017-12,http://www.snib.mx/snibgeoportal/Ejemplar.php?id=bcccca5cce99f35f3e3ae1e904cf2808,bcccca5cce99f35f3e3ae1e904cf2808,No,NoDisponible,,,,,
151,Chiropterotriton chondrostega,180062,-98.72729,20.19617,,False,4,33.08,Amphibia,Caudata,Plethodontidae,2886,Terrestre,1985,,2017-12,http://www.snib.mx/snibgeoportal/Ejemplar.php?id=bd4f3646bcd48893d3a57f3d98585698,bd4f3646bcd48893d3a57f3d98585698,Si,NoDisponible,Si,Si,Si,,
41,Chiropterotriton chondrostega,175503,-99.1916666,23.0822222,,False,5,39.03,Amphibia,Caudata,Plethodontidae,1092,Terrestre,1979,,2017-12,http://www.snib.mx/snibgeoportal/Ejemplar.php?id=bdafe848b2bdb8ea96274744adcd3e9a,bdafe848b2bdb8ea96274744adcd3e9a,No,NoDisponible,,,,,
260,Chiropterotriton chondrostega,175192,-99.3819722,20.7921667,,False,4,25.96,Amphibia,Caudata,Plethodontidae,2628,Terrestre,2006,,2017-12,http://www.snib.mx/snibgeoportal/Ejemplar.php?id=be96cf7ad8458fd7e759d30ed636cf15,be96cf7ad8458fd7e759d30ed636cf15,No,NoDisponible,,,,,
56,Chiropterotriton chondrostega,175503,-99.2057833,23.0660167,,False,5,39.03,Amphibia,Caudata,Plethodontidae,997,Terrestre,9999,,2017-12,http://www.snib.mx/snibgeoportal/Ejemplar.php?id=bf51f91983b38e4059efcb6c2067f5e5,bf51f91983b38e4059efcb6c2067f5e5,No,NoDisponible,,,,,
294,Chiropterotriton chondrostega,175264,-99.2313889,21.2847222,,False,4,30.53,Amphibia,Caudata,Plethodontidae,1218,Terrestre,1979,,2017-12,http://www.snib.mx/snibgeoportal/Ejemplar.php?id=c10561d9f3c89586a8c07facd5b2a710,c10561d9f3c89586a8c07facd5b2a710,No,NoDisponible,,,,,
6,Chiropterotriton chondrostega,175500,-99.175,23.0583333,,False,4,25.42,Amphibia,Caudata,Plethodontidae,732,Terrestre,9999,,2017-12,http://www.snib.mx/snibgeoportal/Ejemplar.php?id=c145ef11b91b7ce91683d8517fb04d8c,c145ef11b91b7ce91683d8517fb04d8c,Si,NoDisponible,Si,Si,Si,,
168,Chiropterotriton chondrostega,175244,-99.2299999,20.8899999,,False,5,39.53,Amphibia,Caudata,Plethodontidae,2201,Terrestre,1938,,2017-12,http://www.snib.mx/snibgeoportal/Ejemplar.php?id=c1cc637af01b9c63aa1e86f5404bb774,c1cc637af01b9c63aa1e86f5404bb774,No,NoDisponible,,,,,
311,Chiropterotriton chondrostega,189988,-97.3666699,19.8166699,,False,4,33.44,Amphibia,Caudata,Plethodontidae,1940,Terrestre,1972,,2017-12,http://www.snib.mx/snibgeoportal/Ejemplar.php?id=c22683bc7476a455839ee28872485ed0,c22683bc7476a455839ee28872485ed0,No,NoDisponible,,,,,
169,Chiropterotriton chondrostega,175244,-99.2299999,20.8899999,,False,5,39.53,Amphibia,Caudata,Plethodontidae,2201,Terrestre,1938,,2017-12,http://www.snib.mx/snibgeoportal/Ejemplar.php?id=c2da969232b7771559314ff81c4ed9cd,c2da969232b7771559314ff81c4ed9cd,No,NoDisponible,,,,,
73,Chiropterotriton chondrostega,180127,-98.6583333,20.725,,False,5,38.38,Amphibia,Caudata,Plethodontidae,1624,Terrestre,9999,,2017-12,http://www.snib.mx/snibgeoportal/Ejemplar.php?id=c3ab3c2b9f2745a5c7d7e03addee131e,c3ab3c2b9f2745a5c7d7e03addee131e,No,NoDisponible,,,,,
194,Chiropterotriton chondrostega,175286,-99.127888,21.2916667,,False,5,36.45,Amphibia,Caudata,Plethodontidae,1630,Terrestre,1973,,2017-12,http://www.snib.mx/snibgeoportal/Ejemplar.php?id=c3c581ef07654a3897d32d91c2fa7f36,c3c581ef07654a3897d32d91c2fa7f36,No,NoDisponible,,,,,
186,Chiropterotriton chondrostega,180123,-98.65,20.5833299,,False,5,42.43,Amphibia,Caudata,Plethodontidae,1788,Terrestre,1938,,2017-12,http://www.snib.mx/snibgeoportal/Ejemplar.php?id=c3d9786cf48fe9079f47faf1378c4a89,c3d9786cf48fe9079f47faf1378c4a89,No,NoDisponible,,,,,
30,Chiropterotriton chondrostega,175500,-99.1902778,23.0361111,,False,4,25.42,Amphibia,Caudata,Plethodontidae,875,Terrestre,1950,,2017-12,http://www.snib.mx/snibgeoportal/Ejemplar.php?id=c70e378f1d4c7ac3714f5165ccc010cd,c70e378f1d4c7ac3714f5165ccc010cd,No,NoDisponible,,,,,
150,Chiropterotriton chondrostega,180124,-98.6199999,20.6,,False,5,34.54,Amphibia,Caudata,Plethodontidae,2007,Terrestre,9999,,2017-12,http://www.snib.mx/snibgeoportal/Ejemplar.php?id=ca479fc5e11a305e1a708b562ea380f6,ca479fc5e11a305e1a708b562ea380f6,No,NoDisponible,,,,,
244,Chiropterotriton chondrostega,175285,-99.1619444,21.2655555,,False,5,37.54,Amphibia,Caudata,Plethodontidae,1732,Terrestre,1981,,2017-12,http://www.snib.mx/snibgeoportal/Ejemplar.php?id=cb020bf34752d7117244d95e54ee7445,cb020bf34752d7117244d95e54ee7445,No,NoDisponible,,,,,
242,Chiropterotriton chondrostega,175522,-99.1720833,23.0477944,,False,2,7.5,Amphibia,Caudata,Plethodontidae,682,Terrestre,9999,,2017-12,http://www.snib.mx/snibgeoportal/Ejemplar.php?id=cb7a2e5b736349be4e184620f7b70941,cb7a2e5b736349be4e184620f7b70941,No,NoDisponible,,,,,
115,Chiropterotriton chondrostega,180124,-98.6583333,20.6583333,,False,5,34.54,Amphibia,Caudata,Plethodontidae,2015,Terrestre,9999,,2017-12,http://www.snib.mx/snibgeoportal/Ejemplar.php?id=cbbdfe647de386065965b535c54035b1,cbbdfe647de386065965b535c54035b1,No,NoDisponible,,,,,
74,Chiropterotriton chondrostega,180127,-98.6583333,20.725,,False,5,38.38,Amphibia,Caudata,Plethodontidae,1624,Terrestre,9999,,2017-12,http://www.snib.mx/snibgeoportal/Ejemplar.php?id=cc16305ba90a80c2365000743b09dd69,cc16305ba90a80c2365000743b09dd69,No,NoDisponible,,,,,
157,Chiropterotriton chondrostega,175244,-99.2416667,20.9083333,,False,5,39.53,Amphibia,Caudata,Plethodontidae,2042,Terrestre,1938,,2017-12,http://www.snib.mx/snibgeoportal/Ejemplar.php?id=cc487b4fa429dc50d156f560de6c8d67,cc487b4fa429dc50d156f560de6c8d67,No,NoDisponible,,,,,
304,Chiropterotriton chondrostega,175254,-99.4444441,21.285833,,False,4,30.04,Amphibia,Caudata,Plethodontidae,1441,Terrestre,1968,,2017-12,http://www.snib.mx/snibgeoportal/Ejemplar.php?id=cc7720c81c379ff85bbe38619c25d184,cc7720c81c379ff85bbe38619c25d184,Si,NoDisponible,Si,Si,Si,,
261,Chiropterotriton chondrostega,175192,-99.3819722,20.7921667,,False,4,25.96,Amphibia,Caudata,Plethodontidae,2628,Terrestre,2006,,2017-12,http://www.snib.mx/snibgeoportal/Ejemplar.php?id=cdd8c01c60ad12c64766dae96eec7e18,cdd8c01c60ad12c64766dae96eec7e18,No,NoDisponible,,,,,
265,Chiropterotriton chondrostega,175192,-99.3805278,20.7922778,,False,4,25.96,Amphibia,Caudata,Plethodontidae,2611,Terrestre,2006,,2017-12,http://www.snib.mx/snibgeoportal/Ejemplar.php?id=ce4c40dc699a7fad6bc416d8ee91d672,ce4c40dc699a7fad6bc416d8ee91d672,No,NoDisponible,,,,,
320,Chiropterotriton chondrostega,170700,-99.81,23.55,,True,1,-9.93,Amphibia,Caudata,Plethodontidae,1826,Terrestre,9999,,2017-12,http://www.snib.mx/snibgeoportal/Ejemplar.php?id=ce60653b347acb2d5cd9c8d070b6b01b,ce60653b347acb2d5cd9c8d070b6b01b,Si,NoDisponible,Si,Si,Si,,
116,Chiropterotriton chondrostega,180124,-98.6583333,20.6583333,,False,5,34.54,Amphibia,Caudata,Plethodontidae,2015,Terrestre,9999,,2017-12,http://www.snib.mx/snibgeoportal/Ejemplar.php?id=d0f3afbb1770ad59ab9844f4607856b1,d0f3afbb1770ad59ab9844f4607856b1,No,NoDisponible,,,,,
174,Chiropterotriton chondrostega,180139,-98.3583333,20.2916667,,False,4,33.45,Amphibia,Caudata,Plethodontidae,2118,Terrestre,9999,,2017-12,http://www.snib.mx/snibgeoportal/Ejemplar.php?id=d10d7825fa60ecaef72c5ba2168be684,d10d7825fa60ecaef72c5ba2168be684,No,NoDisponible,,,,,
170,Chiropterotriton chondrostega,175244,-99.2299999,20.8899999,,False,5,39.53,Amphibia,Caudata,Plethodontidae,2201,Terrestre,1938,,2017-12,http://www.snib.mx/snibgeoportal/Ejemplar.php?id=d18e607482262313768f8e0be497f501,d18e607482262313768f8e0be497f501,No,NoDisponible,,,,,
75,Chiropterotriton chondrostega,180127,-98.6583333,20.725,,False,5,38.38,Amphibia,Caudata,Plethodontidae,1624,Terrestre,9999,,2017-12,http://www.snib.mx/snibgeoportal/Ejemplar.php?id=d19b1f268442529e50514225fe098e07,d19b1f268442529e50514225fe098e07,No,NoDisponible,,,,,
76,Chiropterotriton chondrostega,180127,-98.6583333,20.725,,False,5,38.38,Amphibia,Caudata,Plethodontidae,1624,Terrestre,9999,,2017-12,http://www.snib.mx/snibgeoportal/Ejemplar.php?id=d23f31f13bd73570c0abe57fca22978e,d23f31f13bd73570c0abe57fca22978e,No,NoDisponible,,,,,
171,Chiropterotriton chondrostega,175244,-99.2299999,20.8899999,,False,5,39.53,Amphibia,Caudata,Plethodontidae,2201,Terrestre,1938,,2017-12,http://www.snib.mx/snibgeoportal/Ejemplar.php?id=d2dd84fbe41e4ff3068d7ccd2da9ae61,d2dd84fbe41e4ff3068d7ccd2da9ae61,No,NoDisponible,,,,,
220,Chiropterotriton chondrostega,175286,-99.1586111,21.2916667,,False,5,36.45,Amphibia,Caudata,Plethodontidae,2013,Terrestre,1969,,2017-12,http://www.snib.mx/snibgeoportal/Ejemplar.php?id=d545a2a8a0fa724e6b96fa8dcef740e1,d545a2a8a0fa724e6b96fa8dcef740e1,No,NoDisponible,,,,,
156,Chiropterotriton chondrostega,175502,-99.2741667,23.1605556,,False,4,29.26,Amphibia,Caudata,Plethodontidae,1739,Terrestre,1965,,2017-12,http://www.snib.mx/snibgeoportal/Ejemplar.php?id=d6e381329ab7bf8ecd783bdefeb094ca,d6e381329ab7bf8ecd783bdefeb094ca,No,NoDisponible,,,,,
179,Chiropterotriton chondrostega,180123,-98.6583333,20.5916667,,False,5,42.43,Amphibia,Caudata,Plethodontidae,1860,Terrestre,9999,,2017-12,http://www.snib.mx/snibgeoportal/Ejemplar.php?id=d7476a06c5d74f0a62ffa012856c6b28,d7476a06c5d74f0a62ffa012856c6b28,No,NoDisponible,,,,,
287,Chiropterotriton chondrostega,175577,-99.3061111,23.7905556,,False,4,25.36,Amphibia,Caudata,Plethodontidae,775,Terrestre,1980,,2017-12,http://www.snib.mx/snibgeoportal/Ejemplar.php?id=d86374663254d954ce6a21ef1cfb9aea,d86374663254d954ce6a21ef1cfb9aea,Si,NoDisponible,Si,Si,Si,,
42,Chiropterotriton chondrostega,175503,-99.1916666,23.0822222,,False,5,39.03,Amphibia,Caudata,Plethodontidae,1092,Terrestre,1979,,2017-12,http://www.snib.mx/snibgeoportal/Ejemplar.php?id=da7446e7d35fa59fc475146fac37e786,da7446e7d35fa59fc475146fac37e786,No,NoDisponible,,,,,
132,Chiropterotriton chondrostega,180124,-98.6594444,20.6544444,,False,5,34.54,Amphibia,Caudata,Plethodontidae,1992,Terrestre,1974,,2017-12,http://www.snib.mx/snibgeoportal/Ejemplar.php?id=da84f08ae818ecfcf3db8e1e75a4b38f,da84f08ae818ecfcf3db8e1e75a4b38f,No,NoDisponible,,,,,
7,Chiropterotriton chondrostega,175500,-99.175,23.0583333,,False,4,25.42,Amphibia,Caudata,Plethodontidae,732,Terrestre,9999,,2017-12,http://www.snib.mx/snibgeoportal/Ejemplar.php?id=dc669a1862b487b8ca9b587379e4f9c7,dc669a1862b487b8ca9b587379e4f9c7,Si,NoDisponible,Si,Si,Si,,
172,Chiropterotriton chondrostega,175244,-99.2299999,20.8899999,,False,5,39.53,Amphibia,Caudata,Plethodontidae,2201,Terrestre,1938,,2017-12,http://www.snib.mx/snibgeoportal/Ejemplar.php?id=dd0bb41b4a1dc3d28f26b144d43a8ef0,dd0bb41b4a1dc3d28f26b144d43a8ef0,No,NoDisponible,,,,,
43,Chiropterotriton chondrostega,175503,-99.1916666,23.0822222,,False,5,39.03,Amphibia,Caudata,Plethodontidae,1092,Terrestre,1979,,2017-12,http://www.snib.mx/snibgeoportal/Ejemplar.php?id=dd84416a2e2eec6ff7471825c09a513d,dd84416a2e2eec6ff7471825c09a513d,No,NoDisponible,,,,,
141,Chiropterotriton chondrostega,180124,-98.6666699,20.65,,False,5,34.54,Amphibia,Caudata,Plethodontidae,2092,Terrestre,1938,,2017-12,http://www.snib.mx/snibgeoportal/Ejemplar.php?id=de2545bda600b02adf0108f304a5d2bd,de2545bda600b02adf0108f304a5d2bd,No,NoDisponible,,,,,
297,Chiropterotriton chondrostega,175264,-99.1755556,21.2858333,,False,4,30.53,Amphibia,Caudata,Plethodontidae,1971,Terrestre,9999,,2017-12,http://www.snib.mx/snibgeoportal/Ejemplar.php?id=de6628b8183aa6cc170d2ef664893b90,de6628b8183aa6cc170d2ef664893b90,No,NoDisponible,,,,,
128,Chiropterotriton chondrostega,180124,-98.6291666,20.6272222,,False,5,34.54,Amphibia,Caudata,Plethodontidae,1963,Terrestre,1972,,2017-12,http://www.snib.mx/snibgeoportal/Ejemplar.php?id=de904e4bd7a221a053c988014752e36b,de904e4bd7a221a053c988014752e36b,No,NoDisponible,,,,,
154,Chiropterotriton chondrostega,175502,-99.3094444,23.1725,,False,4,29.26,Amphibia,Caudata,Plethodontidae,1585,Terrestre,1950,,2017-12,http://www.snib.mx/snibgeoportal/Ejemplar.php?id=e02fea5ff6c2d4d8902d1319143a0057,e02fea5ff6c2d4d8902d1319143a0057,No,NoDisponible,,,,,
221,Chiropterotriton chondrostega,175286,-99.1586111,21.2916667,,False,5,36.45,Amphibia,Caudata,Plethodontidae,2013,Terrestre,1970,,2017-12,http://www.snib.mx/snibgeoportal/Ejemplar.php?id=e076ac21f2cf05592a24defb94b363a0,e076ac21f2cf05592a24defb94b363a0,No,NoDisponible,,,,,
175,Chiropterotriton chondrostega,180139,-98.3583333,20.2916667,,False,4,33.45,Amphibia,Caudata,Plethodontidae,2118,Terrestre,9999,,2017-12,http://www.snib.mx/snibgeoportal/Ejemplar.php?id=e2fb4191c7190b474000521d4e9406c1,e2fb4191c7190b474000521d4e9406c1,No,NoDisponible,,,,,
273,Chiropterotriton chondrostega,175192,-99.3829444,20.7921389,,False,4,25.96,Amphibia,Caudata,Plethodontidae,2625,Terrestre,2006,,2017-12,http://www.snib.mx/snibgeoportal/Ejemplar.php?id=e32c9fe6089cee95587626e809645a0d,e32c9fe6089cee95587626e809645a0d,No,NoDisponible,,,,,
253,Chiropterotriton chondrostega,175192,-99.3810556,20.7924444,,False,4,25.96,Amphibia,Caudata,Plethodontidae,2611,Terrestre,2005,,2017-12,http://www.snib.mx/snibgeoportal/Ejemplar.php?id=e45015e06e2c7c59c2c6e89215843a13,e45015e06e2c7c59c2c6e89215843a13,No,NoDisponible,,,,,
222,Chiropterotriton chondrostega,175286,-99.1586111,21.2916667,,False,5,36.45,Amphibia,Caudata,Plethodontidae,2013,Terrestre,1969,,2017-12,http://www.snib.mx/snibgeoportal/Ejemplar.php?id=e4fb5f5cc25be726903dfe658df360ef,e4fb5f5cc25be726903dfe658df360ef,No,NoDisponible,,,,,
284,Chiropterotriton chondrostega,175525,-99.1713889,23.1063889,,False,2,4.17,Amphibia,Caudata,Plethodontidae,487,Terrestre,1950,,2017-12,http://www.snib.mx/snibgeoportal/Ejemplar.php?id=e510681d962361bea465b54fa7759115,e510681d962361bea465b54fa7759115,Si,NoDisponible,Si,Si,Si,,
129,Chiropterotriton chondrostega,180124,-98.6291666,20.6272222,,False,5,34.54,Amphibia,Caudata,Plethodontidae,1963,Terrestre,1972,,2017-12,http://www.snib.mx/snibgeoportal/Ejemplar.php?id=e57821b97f3dd9fb83fd3cb14ce1ecd9,e57821b97f3dd9fb83fd3cb14ce1ecd9,No,NoDisponible,,,,,
223,Chiropterotriton chondrostega,175286,-99.1586111,21.2916667,,False,5,36.45,Amphibia,Caudata,Plethodontidae,2013,Terrestre,1970,,2017-12,http://www.snib.mx/snibgeoportal/Ejemplar.php?id=e5cf609d89e2b5575ca96a41dc62ef9b,e5cf609d89e2b5575ca96a41dc62ef9b,No,NoDisponible,,,,,
254,Chiropterotriton chondrostega,175192,-99.3810556,20.7924444,,False,4,25.96,Amphibia,Caudata,Plethodontidae,2611,Terrestre,2005,,2017-12,http://www.snib.mx/snibgeoportal/Ejemplar.php?id=e7fd80add0e934821645b7a690de8539,e7fd80add0e934821645b7a690de8539,No,NoDisponible,,,,,
224,Chiropterotriton chondrostega,175286,-99.1586111,21.2916667,,False,5,36.45,Amphibia,Caudata,Plethodontidae,2013,Terrestre,1969,,2017-12,http://www.snib.mx/snibgeoportal/Ejemplar.php?id=e84fc5d5bd7676615ede4022c4996ef0,e84fc5d5bd7676615ede4022c4996ef0,No,NoDisponible,,,,,
225,Chiropterotriton chondrostega,175286,-99.1586111,21.2916667,,False,5,36.45,Amphibia,Caudata,Plethodontidae,2013,Terrestre,1969,,2017-12,http://www.snib.mx/snibgeoportal/Ejemplar.php?id=e9b574b9b9c6404b40a0cbfe5200ee48,e9b574b9b9c6404b40a0cbfe5200ee48,No,NoDisponible,,,,,
317,Chiropterotriton chondrostega,194897,-97.15,19.4899999,,False,5,34.06,Amphibia,Caudata,Plethodontidae,4125,Terrestre,1978,,2017-12,http://www.snib.mx/snibgeoportal/Ejemplar.php?id=ea07c3394274b53e3d476584348117a7,ea07c3394274b53e3d476584348117a7,No,NoDisponible,,,,,
262,Chiropterotriton chondrostega,175192,-99.3819722,20.7921667,,False,4,25.96,Amphibia,Caudata,Plethodontidae,2628,Terrestre,2006,,2017-12,http://www.snib.mx/snibgeoportal/Ejemplar.php?id=ea2b67723cd242355803848b89aeaf1e,ea2b67723cd242355803848b89aeaf1e,No,NoDisponible,,,,,
301,Chiropterotriton chondrostega,175254,-99.4444444,21.2858333,,False,4,30.04,Amphibia,Caudata,Plethodontidae,1441,Terrestre,9999,,2017-12,http://www.snib.mx/snibgeoportal/Ejemplar.php?id=ea8e1c78e593502c07c78ceac390428d,ea8e1c78e593502c07c78ceac390428d,Si,NoDisponible,Si,Si,Si,,
90,Chiropterotriton chondrostega,180127,-98.6374999,20.6774999,,False,5,38.38,Amphibia,Caudata,Plethodontidae,1586,Terrestre,1979,,2017-12,http://www.snib.mx/snibgeoportal/Ejemplar.php?id=ebe4bd827103617b5a1579878f17bf03,ebe4bd827103617b5a1579878f17bf03,No,NoDisponible,,,,,
266,Chiropterotriton chondrostega,175192,-99.3805278,20.7922778,,False,4,25.96,Amphibia,Caudata,Plethodontidae,2611,Terrestre,2006,,2017-12,http://www.snib.mx/snibgeoportal/Ejemplar.php?id=ecde8b829ae1e9910386d5ec29efc278,ecde8b829ae1e9910386d5ec29efc278,No,NoDisponible,,,,,
31,Chiropterotriton chondrostega,175500,-99.1902778,23.0361111,,False,4,25.42,Amphibia,Caudata,Plethodontidae,875,Terrestre,1965,,2017-12,http://www.snib.mx/snibgeoportal/Ejemplar.php?id=ed32694cb9252ae411fc7b14032beb8c,ed32694cb9252ae411fc7b14032beb8c,No,NoDisponible,,,,,
226,Chiropterotriton chondrostega,175286,-99.1586111,21.2916667,,False,5,36.45,Amphibia,Caudata,Plethodontidae,2013,Terrestre,1969,,2017-12,http://www.snib.mx/snibgeoportal/Ejemplar.php?id=ee527dbbc61906ba39529db46291902b,ee527dbbc61906ba39529db46291902b,No,NoDisponible,,,,,
46,Chiropterotriton chondrostega,175503,-99.1919444,23.0994444,,False,5,39.03,Amphibia,Caudata,Plethodontidae,1169,Terrestre,1979,,2017-12,http://www.snib.mx/snibgeoportal/Ejemplar.php?id=ee602d40330915599fcbec219b01ae31,ee602d40330915599fcbec219b01ae31,No,NoDisponible,,,,,
193,Chiropterotriton chondrostega,175286,-99.1544316,21.273974,,False,5,36.45,Amphibia,Caudata,Plethodontidae,1674,Terrestre,1972,,2017-12,http://www.snib.mx/snibgeoportal/Ejemplar.php?id=ef8c4c53abf8b235d7cca788185a415a,ef8c4c53abf8b235d7cca788185a415a,No,NoDisponible,,,,,
32,Chiropterotriton chondrostega,175500,-99.1902778,23.0361111,,False,4,25.42,Amphibia,Caudata,Plethodontidae,875,Terrestre,1965,,2017-12,http://www.snib.mx/snibgeoportal/Ejemplar.php?id=f01867efc9a441116ecc9609d3afe413,f01867efc9a441116ecc9609d3afe413,No,NoDisponible,,,,,
283,Chiropterotriton chondrostega,175525,-99.1636111,23.1102778,,False,2,4.17,Amphibia,Caudata,Plethodontidae,324,Terrestre,1953,,2017-12,http://www.snib.mx/snibgeoportal/Ejemplar.php?id=f08dd367f4ec093bea631a20b1316209,f08dd367f4ec093bea631a20b1316209,No,NoDisponible,,,,,
77,Chiropterotriton chondrostega,180127,-98.6583333,20.725,,False,5,38.38,Amphibia,Caudata,Plethodontidae,1624,Terrestre,9999,,2017-12,http://www.snib.mx/snibgeoportal/Ejemplar.php?id=f0ca1ce46cbf60e429ab3174f6b53a9f,f0ca1ce46cbf60e429ab3174f6b53a9f,No,NoDisponible,,,,,
227,Chiropterotriton chondrostega,175286,-99.1586111,21.2916667,,False,5,36.45,Amphibia,Caudata,Plethodontidae,2013,Terrestre,1969,,2017-12,http://www.snib.mx/snibgeoportal/Ejemplar.php?id=f173121b988b7693a2ec161317dcb8c9,f173121b988b7693a2ec161317dcb8c9,No,NoDisponible,,,,,
180,Chiropterotriton chondrostega,180123,-98.6583333,20.5916667,,False,5,42.43,Amphibia,Caudata,Plethodontidae,1860,Terrestre,9999,,2017-12,http://www.snib.mx/snibgeoportal/Ejemplar.php?id=f201381dbdb0b715e6afce6017648aa0,f201381dbdb0b715e6afce6017648aa0,No,NoDisponible,,,,,
78,Chiropterotriton chondrostega,180127,-98.6583333,20.725,,False,5,38.38,Amphibia,Caudata,Plethodontidae,1624,Terrestre,9999,,2017-12,http://www.snib.mx/snibgeoportal/Ejemplar.php?id=f218d3e683a9b3ba8825b07dd16fc546,f218d3e683a9b3ba8825b07dd16fc546,No,NoDisponible,,,,,
117,Chiropterotriton chondrostega,180124,-98.6583333,20.6583333,,False,5,34.54,Amphibia,Caudata,Plethodontidae,2015,Terrestre,9999,,2017-12,http://www.snib.mx/snibgeoportal/Ejemplar.php?id=f31b2c066ccc2e08c983fca32b0e9fb0,f31b2c066ccc2e08c983fca32b0e9fb0,No,NoDisponible,,,,,
295,Chiropterotriton chondrostega,175264,-99.2313889,21.2847222,,False,4,30.53,Amphibia,Caudata,Plethodontidae,1218,Terrestre,1979,,2017-12,http://www.snib.mx/snibgeoportal/Ejemplar.php?id=f3474145a903df0984d2f7068ff59f53,f3474145a903df0984d2f7068ff59f53,No,NoDisponible,,,,,
47,Chiropterotriton chondrostega,175503,-99.1919444,23.0994444,,False,5,39.03,Amphibia,Caudata,Plethodontidae,1169,Terrestre,1979,,2017-12,http://www.snib.mx/snibgeoportal/Ejemplar.php?id=f551c59697c90b04d57dae3dcf630c47,f551c59697c90b04d57dae3dcf630c47,No,NoDisponible,,,,,
118,Chiropterotriton chondrostega,180124,-98.6583333,20.6583333,,False,5,34.54,Amphibia,Caudata,Plethodontidae,2015,Terrestre,9999,,2017-12,http://www.snib.mx/snibgeoportal/Ejemplar.php?id=f5784cd8a58fb97ea0ff29eab1992b2c,f5784cd8a58fb97ea0ff29eab1992b2c,No,NoDisponible,,,,,
228,Chiropterotriton chondrostega,175286,-99.1586111,21.2916667,,False,5,36.45,Amphibia,Caudata,Plethodontidae,2013,Terrestre,1970,,2017-12,http://www.snib.mx/snibgeoportal/Ejemplar.php?id=f736cb2a4d38ff4bebd7e3a3c2328518,f736cb2a4d38ff4bebd7e3a3c2328518,No,NoDisponible,,,,,
152,Chiropterotriton chondrostega,175502,-99.275,23.1416667,,False,4,29.26,Amphibia,Caudata,Plethodontidae,1679,Terrestre,9999,,2017-12,http://www.snib.mx/snibgeoportal/Ejemplar.php?id=f7e2fc56c596e82d0442c0aafabc8d90,f7e2fc56c596e82d0442c0aafabc8d90,No,NoDisponible,,,,,
302,Chiropterotriton chondrostega,175254,-99.4444444,21.2858333,,False,4,30.04,Amphibia,Caudata,Plethodontidae,1441,Terrestre,9999,,2017-12,http://www.snib.mx/snibgeoportal/Ejemplar.php?id=f9dc7bd6f11fbf5b1cc791564da81b93,f9dc7bd6f11fbf5b1cc791564da81b93,Si,NoDisponible,Si,Si,Si,,
33,Chiropterotriton chondrostega,175500,-99.1902778,23.0361111,,False,4,25.42,Amphibia,Caudata,Plethodontidae,875,Terrestre,1950,,2017-12,http://www.snib.mx/snibgeoportal/Ejemplar.php?id=fa264e519ca59be5ebab8000b07c8c46,fa264e519ca59be5ebab8000b07c8c46,No,NoDisponible,,,,,
255,Chiropterotriton chondrostega,175192,-99.3810556,20.7924444,,False,4,25.96,Amphibia,Caudata,Plethodontidae,2611,Terrestre,2006,,2017-12,http://www.snib.mx/snibgeoportal/Ejemplar.php?id=fcba998bc79a5c3b034ce9c1f644ccf8,fcba998bc79a5c3b034ce9c1f644ccf8,No,NoDisponible,,,,,
305,Chiropterotriton chondrostega,175254,-99.4444441,21.285833,,False,4,30.04,Amphibia,Caudata,Plethodontidae,1441,Terrestre,1968,,2017-12,http://www.snib.mx/snibgeoportal/Ejemplar.php?id=fd763283655b5c2f7aa29ca731126325,fd763283655b5c2f7aa29ca731126325,Si,NoDisponible,Si,Si,Si,,
285,Chiropterotriton chondrostega,175525,-99.1713889,23.1063889,,False,2,4.17,Amphibia,Caudata,Plethodontidae,487,Terrestre,1950,,2017-12,http://www.snib.mx/snibgeoportal/Ejemplar.php?id=ff7e7de7a057e9d71478b2e5d88282c8,ff7e7de7a057e9d71478b2e5d88282c8,Si,NoDisponible,Si,Si,Si,,
306,Chiropterotriton chondrostega,175254,-99.4444441,21.285833,,False,4,30.04,Amphibia,Caudata,Plethodontidae,1441,Terrestre,1968,,2017-12,http://www.snib.mx/snibgeoportal/Ejemplar.php?id=fff723dc795ab8ff48ca8d525fdbcc9c,fff723dc795ab8ff48ca8d525fdbcc9c,Si,NoDisponible,Si,Si,Si,,
